Date,FR
2015-01-01,0.38568127464288
2015-01-02,0.398426895481869
2015-01-03,0.394677945834141
2015-01-04,0.431319080860966
2015-01-05,0.543654256350591
2015-01-06,0.549108008532092
2015-01-07,0.539796231659233
2015-01-08,0.496501518970978
2015-01-09,0.488506722254541
2015-01-10,0.428119546247819
2015-01-11,0.41221478895999
2015-01-12,0.487819953461315
2015-01-13,0.507380744618965
2015-01-14,0.508423017258096
2015-01-15,0.517706515415939
2015-01-16,0.540091138258677
2015-01-17,0.538317658845582
2015-01-18,0.509885430806024
2015-01-19,0.559902398035033
2015-01-20,0.574692165987977
2015-01-21,0.551152155646047
2015-01-22,0.550453267403529
2015-01-23,0.54822328873376
2015-01-24,0.504177170189387
2015-01-25,0.444198015642169
2015-01-26,0.501575528407989
2015-01-27,0.50376106909702
2015-01-28,0.476811453687544
2015-01-29,0.492437463641652
2015-01-30,0.598155419817723
2015-01-31,0.597294938917976
2015-02-01,0.552897356344128
2015-02-02,0.582501131148601
2015-02-03,0.587813489755025
2015-02-04,0.572821730980544
2015-02-05,0.592390601771056
2015-02-06,0.591307930967617
2015-02-07,0.552428737638162
2015-02-08,0.474221931355439
2015-02-09,0.500743326223256
2015-02-10,0.502860190032965
2015-02-11,0.488308771249434
2015-02-12,0.475878256092043
2015-02-13,0.468982289444768
2015-02-14,0.447106683472303
2015-02-15,0.457190065283433
2015-02-16,0.525111498933488
2015-02-17,0.539731594596342
2015-02-18,0.564487589683925
2015-02-19,0.550287634929869
2015-02-20,0.531369174584707
2015-02-21,0.508491694137418
2015-02-22,0.493491855730076
2015-02-23,0.542486749402107
2015-02-24,0.570482677267145
2015-02-25,0.56893138775774
2015-02-26,0.570737185702282
2015-02-27,0.571718861094952
2015-02-28,0.578675424988689
2015-03-01,0.522324025596277
2015-03-02,0.610897000840282
2015-03-03,0.633455335789542
2015-03-04,0.630300239157133
2015-03-05,0.641381455626656
2015-03-06,0.639688772542176
2015-03-07,0.599674390795682
2015-03-08,0.548037457177946
2015-03-09,0.582969749854567
2015-03-10,0.583414129661948
2015-03-11,0.570535194880745
2015-03-12,0.570846260745912
2015-03-13,0.56337260034904
2015-03-14,0.527470751729041
2015-03-15,0.488902624264753
2015-03-16,0.524081345743649
2015-03-17,0.523580408506237
2015-03-18,0.517225777260681
2015-03-19,0.512660784693943
2015-03-20,0.524081345743649
2015-03-21,0.501935072070325
2015-03-22,0.46289428608364
2015-03-23,0.526226488268373
2015-03-24,0.530706644690065
2015-03-25,0.520405112791675
2015-03-26,0.538422694072781
2015-03-27,0.516195624070842
2015-03-28,0.4597876672484
2015-03-29,0.426592495636998
2015-03-30,0.571888533385043
2015-03-31,0.598127141102708
2015-04-01,0.613114860060759
2015-04-02,0.627056266563247
2015-04-03,0.653985682890569
2015-04-04,0.630873893090298
2015-04-05,0.604990789218538
2015-04-06,0.59399440889406
2015-04-07,0.603976795294422
2015-04-08,0.598692715403012
2015-04-09,0.576897905759162
2015-04-10,0.558787408700149
2015-04-11,0.520138484907246
2015-04-12,0.482713625492858
2015-04-13,0.519423437399005
2015-04-14,0.53672597117187
2015-04-15,0.555377803632603
2015-04-16,0.569533320405921
2015-04-17,0.576708034386918
2015-04-18,0.565695494796716
2015-04-19,0.522521976601383
2015-04-20,0.559260067222545
2015-04-21,0.551838924439274
2015-04-22,0.515020037489497
2015-04-23,0.51509275418525
2015-04-24,0.534249563699825
2015-04-25,0.468731820826062
2015-04-26,0.454406631762653
2015-04-27,0.543601738736992
2015-04-28,0.649384331975955
2015-04-29,0.65072151121453
2015-04-30,0.627104744360416
2015-05-01,0.650689192683084
2015-05-02,0.643429642557042
2015-05-03,0.625832202184733
2015-05-04,0.619239221769763
2015-05-05,0.612246299528149
2015-05-06,0.641777357636869
2015-05-07,0.681646305991856
2015-05-08,0.676560177105552
2015-05-09,0.657847747398358
2015-05-10,0.654240191325706
2015-05-11,0.675332072910607
2015-05-12,0.675742114278327
2015-05-13,0.683856085579471
2015-05-14,0.665054779910801
2015-05-15,0.681933132958438
2015-05-16,0.673195010018745
2015-05-17,0.658958696916812
2015-05-18,0.661855245297654
2015-05-19,0.652810096309224
2015-05-20,0.647109915325448
2015-05-21,0.632344386271088
2015-05-22,0.619077629112533
2015-05-23,0.567210425958244
2015-05-24,0.498941568095146
2015-05-25,0.491528504944735
2015-05-26,0.541650507400944
2015-05-27,0.521419106715791
2015-05-28,0.504278165600155
2015-05-29,0.514959440243035
2015-05-30,0.464514252472368
2015-05-31,0.438829099605714
2015-06-01,0.487529086678301
2015-06-02,0.477045763040527
2015-06-03,0.49765690647017
2015-06-04,0.516058270312197
2015-06-05,0.540531478249628
2015-06-06,0.519653706935557
2015-06-07,0.497911414905307
2015-06-08,0.55111175748174
2015-06-09,0.535231239092496
2015-06-10,0.5412505655743
2015-06-11,0.546627561243617
2015-06-12,0.565517742873764
2015-06-13,0.575209262491112
2015-06-14,0.561995022946157
2015-06-15,0.598426087518583
2015-06-16,0.597763557623942
2015-06-17,0.615203445155452
2015-06-18,0.612104905953074
2015-06-19,0.582598086742938
2015-06-20,0.533227490142848
2015-06-21,0.460098733113567
2015-06-22,0.510713593174326
2015-06-23,0.50904514898843
2015-06-24,0.508875476698339
2015-06-25,0.514745329972206
2015-06-26,0.512406276258807
2015-06-27,0.467996574235667
2015-06-28,0.406316656971107
2015-06-29,0.43319355568483
2015-06-30,0.426196593626786
2015-07-01,0.439063408958697
2015-07-02,0.438655387499192
2015-07-03,0.46300336112727
2015-07-04,0.430385883265464
2015-07-05,0.400370047185056
2015-07-06,0.449021556460474
2015-07-07,0.438655387499192
2015-07-08,0.424346357701506
2015-07-09,0.408873860771767
2015-07-10,0.391268340766596
2015-07-11,0.361943313295844
2015-07-12,0.319783789024627
2015-07-13,0.367728330424666
2015-07-14,0.332529409863616
2015-07-15,0.343828776420399
2015-07-16,0.362997705384267
2015-07-17,0.360371824704285
2015-07-18,0.329649020748497
2015-07-19,0.313069614116735
2015-07-20,0.345105358412514
2015-07-21,0.340677719604421
2015-07-22,0.362678559886239
2015-07-23,0.368419139034322
2015-07-24,0.362880550707776
2015-07-25,0.347977667894771
2015-07-26,0.339086031930709
2015-07-27,0.352886044858122
2015-07-28,0.339239544955077
2015-07-29,0.321702701829229
2015-07-30,0.32219959925021
2015-07-31,0.307955206515416
2015-08-01,0.298760584319049
2015-08-02,0.301026921336694
2015-08-03,0.314956208389891
2015-08-04,0.31827693749596
2015-08-05,0.3113567319501
2015-08-06,0.299653383750242
2015-08-07,0.301236991791093
2015-08-08,0.275075140585612
2015-08-09,0.273079471268826
2015-08-10,0.341837146920044
2015-08-11,0.355249337470105
2015-08-12,0.344822571262362
2015-08-13,0.341412966194816
2015-08-14,0.348159459634154
2015-08-15,0.331010438885657
2015-08-16,0.294284467713787
2015-08-17,0.309607491435589
2015-08-18,0.321892573201474
2015-08-19,0.321569387887014
2015-08-20,0.317941632732209
2015-08-21,0.284645465710038
2015-08-22,0.259077467519876
2015-08-23,0.22673469717536
2015-08-24,0.288075269859738
2015-08-25,0.311538523689484
2015-08-26,0.280161269471915
2015-08-27,0.281074267985263
2015-08-28,0.290503199534613
2015-08-29,0.256532383168509
2015-08-30,0.246558076401008
2015-08-31,0.296215499967681
2015-09-01,0.289836629823541
2015-09-02,0.28541707064831
2015-09-03,0.273459214013315
2015-09-04,0.253631794971237
2015-09-05,0.227999159718182
2015-09-06,0.20526307284597
2015-09-07,0.223280654127076
2015-09-08,0.224852142718635
2015-09-09,0.219143882101997
2015-09-10,0.214845517419688
2015-09-11,0.216960361321182
2015-09-12,0.222440372309482
2015-09-13,0.262446674423114
2015-09-14,0.356275450843514
2015-09-15,0.350551030961153
2015-09-16,0.337793290672872
2015-09-17,0.390391700601125
2015-09-18,0.414416488914744
2015-09-19,0.408821343158167
2015-09-20,0.372143849783466
2015-09-21,0.353770764656454
2015-09-22,0.345828485553616
2015-09-23,0.339805119255381
2015-09-24,0.332642524723677
2015-09-25,0.337045924633185
2015-09-26,0.276081054876866
2015-09-27,0.247810419494538
2015-09-28,0.256843449033676
2015-09-29,0.262034613147179
2015-09-30,0.25517500484778
2015-10-01,0.265549253441924
2015-10-02,0.267443927347941
2015-10-03,0.262070971495055
2015-10-04,0.30274788313619
2015-10-05,0.315739932777455
2015-10-06,0.344196399715597
2015-10-07,0.408114375282787
2015-10-08,0.411265432098765
2015-10-09,0.381188998771896
2015-10-10,0.322821730980544
2015-10-11,0.256100122810419
2015-10-12,0.297488042143365
2015-10-13,0.315125880679982
2015-10-14,0.344176200633443
2015-10-15,0.348656357055135
2015-10-16,0.350191487298817
2015-10-17,0.276493116152802
2015-10-18,0.246800465386853
2015-10-19,0.315037004718506
2015-10-20,0.304771831167992
2015-10-21,0.290357766143106
2015-10-22,0.274311615280202
2015-10-23,0.258180628272251
2015-10-24,0.23621210652188
2015-10-25,0.225926733889212
2015-10-26,0.243528214077952
2015-10-27,0.256100122810419
2015-10-28,0.305498998125525
2015-10-29,0.36666181888695
2015-10-30,0.338827483679142
2015-10-31,0.273443054747592
2015-11-01,0.244150345808286
2015-11-02,0.284621226811454
2015-11-03,0.285069646435266
2015-11-04,0.273422855665439
2015-11-05,0.287533934458018
2015-11-06,0.2733784176847
2015-11-07,0.25986523172387
2015-11-08,0.22967568353694
2015-11-09,0.22569646435266
2015-11-10,0.241185120548122
2015-11-11,0.222258580570099
2015-11-12,0.258835078534031
2015-11-13,0.253429804149699
2015-11-14,0.225094531704479
2015-11-15,0.195850300562342
2015-11-16,0.224019940533902
2015-11-17,0.230350332880874
2015-11-18,0.236785760455045
2015-11-19,0.216469523624846
2015-11-20,0.247083252537005
2015-11-21,0.395590944347489
2015-11-22,0.401743584771508
2015-11-23,0.410025208454528
2015-11-24,0.442501292741258
2015-11-25,0.442073072199599
2015-11-26,0.453578469394351
2015-11-27,0.445389761489238
2015-11-28,0.397796684118674
2015-11-29,0.329798493956435
2015-11-30,0.363474403723095
2015-12-01,0.402006172839506
2015-12-02,0.394803180143494
2015-12-03,0.395017290414324
2015-12-04,0.375884719798332
2015-12-05,0.334718990369078
2015-12-06,0.305131374830328
2015-12-07,0.346276905177429
2015-12-08,0.337462025725551
2015-12-09,0.353677848878547
2015-12-10,0.396847327257449
2015-12-11,0.371711589425377
2015-12-12,0.30214595048801
2015-12-13,0.257142395449551
2015-12-14,0.342548154611854
2015-12-15,0.35396871566156
2015-12-16,0.311619320018098
2015-12-17,0.302792321116928
2015-12-18,0.300336112727038
2015-12-19,0.261428640682567
2015-12-20,0.246117736410058
2015-12-21,0.290151735505139
2015-12-22,0.311057785534225
2015-12-23,0.303850753021783
2015-12-24,0.260410606942021
2015-12-25,0.235408183052162
2015-12-26,0.222614084416004
2015-12-27,0.218804537521815
2015-12-28,0.242946480511926
2015-12-29,0.233166084933101
2015-12-30,0.222351496348006
2015-12-31,0.224209811906147
2016-01-01,0.270780876751243
2016-01-02,0.300301827103105
2016-01-03,0.337860739879915
2016-01-04,0.450759409903803
2016-01-05,0.446530602362967
2016-01-06,0.466984634256569
2016-01-07,0.469918167731939
2016-01-08,0.558121892956292
2016-01-09,0.581457001743173
2016-01-10,0.571651656013945
2016-01-11,0.586662308735232
2016-01-12,0.593503857576344
2016-01-13,0.58987830072955
2016-01-14,0.571474110659178
2016-01-15,0.565304409580993
2016-01-16,0.541412453999613
2016-01-17,0.505689521595971
2016-01-18,0.563492639938021
2016-01-19,0.576013622570857
2016-01-20,0.532071147265802
2016-01-21,0.50365178513784
2016-01-22,0.518339628123184
2016-01-23,0.439640632061463
2016-01-24,0.369044160371877
2016-01-25,0.412425753760733
2016-01-26,0.441849861191814
2016-01-27,0.42677061140164
2016-01-28,0.456787881722513
2016-01-29,0.46886096584673
2016-01-30,0.431479598424688
2016-01-31,0.454548389179418
2016-02-01,0.554062560526825
2016-02-02,0.560337174769191
2016-02-03,0.565574762734844
2016-02-04,0.591682000129124
2016-02-05,0.585718090257602
2016-02-06,0.558388210988443
2016-02-07,0.544588094776938
2016-02-08,0.579528213570921
2016-02-09,0.613290076828717
2016-02-10,0.641059784363096
2016-02-11,0.647641067854607
2016-02-12,0.641487507263219
2016-02-13,0.63976854541933
2016-02-14,0.630447414294015
2016-02-15,0.640825747304539
2016-02-16,0.643065239847634
2016-02-17,0.633005681451353
2016-02-18,0.627037736458132
2016-02-19,0.617514849247853
2016-02-20,0.552024824068694
2016-02-21,0.52804006068823
2016-02-22,0.579286106268965
2016-02-23,0.60082962102137
2016-02-24,0.625875621408742
2016-02-25,0.626339660404158
2016-02-26,0.626807734521273
2016-02-27,0.59950206598231
2016-02-28,0.569537252243528
2016-03-01,0.634438149654594
2016-03-02,0.595006940409323
2016-03-03,0.618588191619859
2016-03-04,0.634119375040351
2016-03-05,0.627921428110272
2016-03-06,0.58052892375234
2016-03-07,0.637407999225257
2016-03-08,0.631633740073601
2016-03-09,0.61847520821228
2016-03-10,0.625484214603912
2016-03-11,0.630132674801472
2016-03-12,0.599211537219963
2016-03-13,0.538809800503583
2016-03-14,0.574544838272322
2016-03-15,0.569739008328491
2016-03-16,0.536820485505843
2016-03-17,0.546359513202918
2016-03-18,0.541505261798696
2016-03-19,0.477722093098328
2016-03-20,0.430495028730067
2016-03-21,0.486950416424559
2016-03-22,0.488701659242043
2016-03-23,0.471491865194654
2016-03-24,0.469401672154432
2016-03-25,0.451530118148363
2016-03-26,0.419132126024921
2016-03-27,0.381532862031119
2016-03-28,0.373805603977016
2016-03-29,0.44424672348118
2016-03-30,0.472411872942088
2016-03-31,0.511128865646588
2016-04-01,0.53285396087546
2016-04-02,0.508699722383627
2016-04-03,0.465774097746788
2016-04-04,0.537308735231455
2016-04-05,0.588094776938472
2016-04-06,0.632202692233198
2016-04-07,0.64248014720124
2016-04-08,0.650667409129059
2016-04-09,0.625903867260637
2016-04-10,0.553227290335077
2016-04-11,0.558803828523468
2016-04-12,0.562108593195171
2016-04-13,0.57035638194848
2016-04-14,0.588260216928143
2016-04-15,0.601406643424366
2016-04-16,0.58379333720705
2016-04-17,0.631770934211376
2016-04-18,0.697329556459423
2016-04-19,0.677339563561237
2016-04-20,0.667352637355543
2016-04-21,0.677815707921751
2016-04-22,0.678582381044612
2016-04-23,0.649477048227775
2016-04-24,0.636411324165537
2016-04-25,0.659189586157919
2016-04-26,0.650598812060172
2016-04-27,0.636443605139131
2016-04-28,0.613822712893021
2016-04-29,0.615162373297179
2016-04-30,0.558016979792111
2016-05-01,0.518573665181742
2016-05-02,0.5829661372587
2016-05-03,0.605381238298147
2016-05-04,0.603694557427852
2016-05-05,0.5492244496094
2016-05-06,0.559054006068823
2016-05-07,0.537946284459939
2016-05-08,0.49485521983343
2016-05-09,0.538543482471431
2016-05-10,0.573858867583446
2016-05-11,0.612983407579573
2016-05-12,0.654867970818
2016-05-13,0.678203079604881
2016-05-14,0.674571470075538
2016-05-15,0.632912873652269
2016-05-16,0.629676706049454
2016-05-17,0.641995932597327
2016-05-18,0.651894086125637
2016-05-19,0.648831428755891
2016-05-20,0.653697785525211
2016-05-21,0.645595261153076
2016-05-22,0.636423429530635
2016-05-23,0.65785396087546
2016-05-24,0.665129285299245
2016-05-25,0.662740493253276
2016-05-26,0.66083995093292
2016-05-27,0.675051649557751
2016-05-28,0.675983762670282
2016-05-29,0.673078475046807
2016-05-30,0.693193556717671
2016-05-31,0.696934114532894
2016-06-01,0.687681580476467
2016-06-02,0.679994673639357
2016-06-03,0.690828975401898
2016-06-04,0.699891858738459
2016-06-05,0.68788737168313
2016-06-06,0.674010588159339
2016-06-07,0.683997514365033
2016-06-08,0.682427852024017
2016-06-09,0.68180240816063
2016-06-10,0.677638162566983
2016-06-11,0.665536832590871
2016-06-12,0.647100361546904
2016-06-13,0.644009458325263
2016-06-14,0.643359803731681
2016-06-15,0.635057540835432
2016-06-16,0.619516269610692
2016-06-17,0.614427981147911
2016-06-18,0.598961359674608
2016-06-19,0.598081703144167
2016-06-20,0.628308799793402
2016-06-21,0.641656982374588
2016-06-22,0.656498159984505
2016-06-23,0.659919943185486
2016-06-24,0.658931338369165
2016-06-25,0.640999257537607
2016-06-26,0.616469752727742
2016-06-27,0.620912421718639
2016-06-28,0.62289770159468
2016-06-29,0.61543272645103
2016-06-30,0.627856866163083
2016-07-01,0.601225062947898
2016-07-02,0.58418070889018
2016-07-03,0.562213506359352
2016-07-04,0.559134708502808
2016-07-05,0.552617986958487
2016-07-06,0.533063787203822
2016-07-07,0.52289931564336
2016-07-08,0.5270998773323
2016-07-09,0.51183501194396
2016-07-10,0.481051068500226
2016-07-11,0.510588159338886
2016-07-12,0.534605203692943
2016-07-13,0.530323939570017
2016-07-14,0.511145006133385
2016-07-15,0.475522951772225
2016-07-16,0.44540883853057
2016-07-17,0.422707243850475
2016-07-18,0.48711182129253
2016-07-19,0.492325198527988
2016-07-20,0.478230518432436
2016-07-21,0.467501129834076
2016-07-22,0.479993866615017
2016-07-23,0.457598941184066
2016-07-24,0.437875266318032
2016-07-25,0.458761056233456
2016-07-26,0.449443960229841
2016-07-27,0.445001291238944
2016-07-28,0.435609545483892
2016-07-29,0.414164891213119
2016-07-30,0.415004196526567
2016-07-31,0.41133627090193
2016-08-01,0.436402446897798
2016-08-02,0.418833527019175
2016-08-03,0.399715120408031
2016-08-04,0.387416069468655
2016-08-05,0.426084640712764
2016-08-06,0.421480566853896
2016-08-07,0.369209600361547
2016-08-08,0.382029182000129
2016-08-09,0.382146200529408
2016-08-10,0.367204144877009
2016-08-11,0.354505616889405
2016-08-12,0.339918651946543
2016-08-13,0.301016043643876
2016-08-14,0.291832106656337
2016-08-15,0.298514268190329
2016-08-16,0.323814481244754
2016-08-17,0.328245044870553
2016-08-18,0.319973045387049
2016-08-19,0.318205662082768
2016-08-20,0.319739008328491
2016-08-21,0.301318677771322
2016-08-22,0.321546742849764
2016-08-23,0.356765285040997
2016-08-24,0.34800907095358
2016-08-25,0.354102104719478
2016-08-26,0.3479001226677
2016-08-27,0.308355930014849
2016-08-28,0.299494802763251
2016-08-29,0.326146781586933
2016-08-30,0.323669216863581
2016-08-31,0.302428336238621
2016-09-01,0.316410032926593
2016-09-02,0.317132319710763
2016-09-03,0.271591936212796
2016-09-04,0.257198657111498
2016-09-05,0.313539043837562
2016-09-06,0.342456743495384
2016-09-07,0.332820872877526
2016-09-08,0.330004357931435
2016-09-09,0.302755181096262
2016-09-10,0.26017657692556
2016-09-11,0.246501549486733
2016-09-12,0.278721996255407
2016-09-13,0.30624959648783
2016-09-14,0.31708793337207
2016-09-15,0.323854832461747
2016-09-16,0.309856995286978
2016-09-17,0.268726999806314
2016-09-18,0.254596003615469
2016-09-19,0.296601620504874
2016-09-20,0.296101265414165
2016-09-21,0.301354993866615
2016-09-22,0.280872716121118
2016-09-23,0.278697785525211
2016-09-24,0.236159532571502
2016-09-25,0.219797114080961
2016-09-26,0.250924042869133
2016-09-27,0.246174704629092
2016-09-28,0.240440796694428
2016-09-29,0.232818451804506
2016-09-30,0.237906740267286
2016-10-01,0.226981648266512
2016-10-02,0.209479307895926
2016-10-03,0.217073406933953
2016-10-04,0.210758441474595
2016-10-05,0.207312447543418
2016-10-06,0.212749774033185
2016-10-07,0.23954701723804
2016-10-08,0.189162470140099
2016-10-09,0.163559622958228
2016-10-10,0.199928174833753
2016-10-11,0.214850054877655
2016-10-12,0.207683678739751
2016-10-13,0.212642843308154
2016-10-14,0.279436212796178
2016-10-15,0.265305216605333
2016-10-16,0.208635967460779
2016-10-17,0.227189457034024
2016-10-18,0.236744625217897
2016-10-19,0.237293401768997
2016-10-20,0.254273193879527
2016-10-21,0.250407547291626
2016-10-22,0.20165924204274
2016-10-23,0.185982794241074
2016-10-24,0.231055103621925
2016-10-25,0.288325585899671
2016-10-26,0.367426076570469
2016-10-27,0.356256859706889
2016-10-28,0.314525631093034
2016-10-29,0.249515785396088
2016-10-30,0.215148653883401
2016-10-31,0.23960149138098
2016-11-01,0.231216508489896
2016-11-02,0.246828394344373
2016-11-03,0.250932113112531
2016-11-04,0.221701691523016
2016-11-05,0.241744141003293
2016-11-06,0.36111514623281
2016-11-07,0.371279617793273
2016-11-08,0.380596713796888
2016-11-09,0.383171121441023
2016-11-10,0.396523339143909
2016-11-11,0.448439214926722
2016-11-12,0.460488088320744
2016-11-13,0.423179353089289
2016-11-14,0.434118568016011
2016-11-15,0.419519497708051
2016-11-16,0.385814126154045
2016-11-17,0.374459293692298
2016-11-18,0.38595132029182
2016-11-19,0.447551488152883
2016-11-20,0.448653076376784
2016-11-21,0.453362063399832
2016-11-22,0.492712570211118
2016-11-23,0.50414810510685
2016-11-24,0.526426012008522
2016-11-25,0.539406998515075
2016-11-26,0.509934469623604
2016-11-27,0.467525340564271
2016-11-28,0.453011007811996
2016-11-29,0.464801633417264
2016-11-30,0.439057556975918
2016-12-01,0.445836561430693
2016-12-02,0.42649218800439
2016-12-03,0.343033765898379
2016-12-04,0.315917748079282
2016-12-05,0.361082865259216
2016-12-06,0.36935889986442
2016-12-07,0.366873264897669
2016-12-08,0.335419491251856
2016-12-09,0.331319807605397
2016-12-10,0.297194783394667
2016-12-11,0.277636548518303
2016-12-12,0.323548163212602
2016-12-13,0.337396700884499
2016-12-14,0.332320517786816
2016-12-15,0.342129898637743
2016-12-16,0.337146523339144
2016-12-17,0.282293078959261
2016-12-18,0.255124604558073
2016-12-19,0.342468848860482
2016-12-20,0.364351313835625
2016-12-21,0.366788527341985
2016-12-22,0.352742268706824
2016-12-23,0.355373168054749
2016-12-24,0.280130253728452
2016-12-25,0.239565175285687
2016-12-26,0.245048905674995
2016-12-27,0.277527600232423
2016-12-28,0.289846826780296
2016-12-29,0.304510459035444
2016-12-30,0.3279867970818
2016-12-31,0.309998224546452
2017-01-01,0.28972999580388
2017-01-02,0.311795939446758
2017-01-03,0.34448129498725
2017-01-04,0.359333139666247
2017-01-05,0.366244633807818
2017-01-06,0.365982376295149
2017-01-07,0.303407733772312
2017-01-08,0.253792647106291
2017-01-09,0.299110745295504
2017-01-10,0.342133081566121
2017-01-11,0.354701268519415
2017-01-12,0.335528226977825
2017-01-13,0.335653303637713
2017-01-14,0.309112843355605
2017-01-15,0.306542719731448
2017-01-16,0.364279719828282
2017-01-17,0.406422484748717
2017-01-18,0.425974791000936
2017-01-19,0.45272505729318
2017-01-20,0.466281753332688
2017-01-21,0.373357864497595
2017-01-22,0.319990478034925
2017-01-23,0.396254962719086
2017-01-24,0.409839901875343
2017-01-25,0.423267486523999
2017-01-26,0.409218553306866
2017-01-27,0.349472257189891
2017-01-28,0.281071463154837
2017-01-29,0.2488299280204
2017-01-30,0.291081630676866
2017-01-31,0.337460863109648
2017-02-01,0.440019689487105
2017-02-02,0.432055130563894
2017-02-03,0.464619444175462
2017-02-04,0.484982731351474
2017-02-05,0.463195184145121
2017-02-06,0.519366708627869
2017-02-07,0.523453891094542
2017-02-08,0.535711403763597
2017-02-09,0.529025854556018
2017-02-10,0.536865336819341
2017-02-11,0.516760272425035
2017-02-12,0.454903812013815
2017-02-13,0.485591975727058
2017-02-14,0.497078854781963
2017-02-15,0.460197379038766
2017-02-16,0.440386850004842
2017-02-17,0.448625770633614
2017-02-18,0.380737387431006
2017-02-19,0.334358154998225
2017-02-20,0.386083405958491
2017-02-21,0.381988154029889
2017-02-22,0.378090603918531
2017-02-23,0.361975888447758
2017-02-24,0.417021722991511
2017-02-25,0.385433814273264
2017-02-26,0.32594170620703
2017-02-27,0.355536457828992
2017-02-28,0.411300474484361
2017-03-01,0.494536974274555
2017-03-02,0.532346438139505
2017-03-03,0.57195539201446
2017-03-04,0.556558858655305
2017-03-05,0.538777799296343
2017-03-06,0.601166844194829
2017-03-07,0.624564249055873
2017-03-08,0.626529163035409
2017-03-09,0.634384784222588
2017-03-10,0.645456085988186
2017-03-11,0.630152351441206
2017-03-12,0.602498305412995
2017-03-13,0.617793970498047
2017-03-14,0.605189470966076
2017-03-15,0.621199283431781
2017-03-16,0.578887059810852
2017-03-17,0.564971272715535
2017-03-18,0.526019979987734
2017-03-19,0.489299893483103
2017-03-20,0.554073464381395
2017-03-21,0.534246796423615
2017-03-22,0.551781737193764
2017-03-23,0.558834446919079
2017-03-24,0.588570414124786
2017-03-25,0.57629272780091
2017-03-26,0.533617378393209
2017-03-27,0.543865595042123
2017-03-28,0.498874310061005
2017-03-29,0.483443481488654
2017-03-30,0.481936509473548
2017-03-31,0.464663826216068
2017-04-01,0.453140634582486
2017-04-02,0.431724282624835
2017-04-03,0.479979664955941
2017-04-04,0.46170233368839
2017-04-05,0.457538491333398
2017-04-06,0.451611471547077
2017-04-07,0.452454730318582
2017-04-08,0.402605629256641
2017-04-09,0.375266292243633
2017-04-10,0.415593428230206
2017-04-11,0.425781123914657
2017-04-12,0.412906297408089
2017-04-13,0.408734385591169
2017-04-14,0.392982795907169
2017-04-15,0.366543203899164
2017-04-16,0.355011942803654
2017-04-17,0.36154820696556
2017-04-18,0.389759045866822
2017-04-19,0.385861495755463
2017-04-20,0.358683547981021
2017-04-21,0.34888722120009
2017-04-22,0.336181853394016
2017-04-23,0.309726122462154
2017-04-24,0.345243859139473
2017-04-25,0.368346728640134
2017-04-26,0.446095994319099
2017-04-27,0.454936089861528
2017-04-28,0.44862173590265
2017-04-29,0.407636938768923
2017-04-30,0.350016945870049
2017-05-01,0.394681417643072
2017-05-02,0.453822504115426
2017-05-03,0.456985733191311
2017-05-04,0.46106888092702
2017-05-05,0.464566992672929
2017-05-06,0.453806365191569
2017-05-07,0.523353022820438
2017-05-08,0.544313450179142
2017-05-09,0.559601045802266
2017-05-10,0.548085923630612
2017-05-11,0.556546754462412
2017-05-12,0.578233433394661
2017-05-13,0.573258610115878
2017-05-14,0.548977599173687
2017-05-15,0.554920757883864
2017-05-16,0.559221781091637
2017-05-17,0.555211258513282
2017-05-18,0.550752880797908
2017-05-19,0.572947935831639
2017-05-20,0.548215035021465
2017-05-21,0.50068186953294
2017-05-22,0.516606952648397
2017-05-23,0.530603434362997
2017-05-24,0.511728962912753
2017-05-25,0.488125786772538
2017-05-26,0.519435299054259
2017-05-27,0.494569252122269
2017-05-28,0.465801620347955
2017-05-29,0.507298828314128
2017-05-30,0.523231980891514
2017-05-31,0.538769729834415
2017-06-01,0.528743423388528
2017-06-02,0.535683160646848
2017-06-03,0.547053032503793
2017-06-04,0.572161163293632
2017-06-05,0.588126593718731
2017-06-06,0.563224234208063
2017-06-07,0.549506148929989
2017-06-08,0.541069526483974
2017-06-09,0.523090765307769
2017-06-10,0.507734579258255
2017-06-11,0.492313837513315
2017-06-12,0.500181562893386
2017-06-13,0.474250346986863
2017-06-14,0.466915206094058
2017-06-15,0.47145024369775
2017-06-16,0.491849843452439
2017-06-17,0.480060359575223
2017-06-18,0.459442884348472
2017-06-19,0.460463671282399
2017-06-20,0.431917949711113
2017-06-21,0.432728930634905
2017-06-22,0.423840418320906
2017-06-23,0.427419224686098
2017-06-24,0.426402472483135
2017-06-25,0.382375488202447
2017-06-26,0.411001904393015
2017-06-27,0.407338368677577
2017-06-28,0.435282915335205
2017-06-29,0.459943190988025
2017-06-30,0.434875407507827
2017-07-01,0.443344307801556
2017-07-02,0.426862431813047
2017-07-03,0.424393176462993
2017-07-04,0.387386624059908
2017-07-05,0.393095768374165
2017-07-06,0.382936315806462
2017-07-07,0.394604757754753
2017-07-08,0.351215260966399
2017-07-09,0.326849520673961
2017-07-10,0.367011232691004
2017-07-11,0.396271101642942
2017-07-12,0.383783609308931
2017-07-13,0.371602756528195
2017-07-14,0.349972563829444
2017-07-15,0.33463655143475
2017-07-16,0.289891385042445
2017-07-17,0.318360446725412
2017-07-18,0.294426422646138
2017-07-19,0.306712178431942
2017-07-20,0.303960491914399
2017-07-21,0.319905748684678
2017-07-22,0.344993705819696
2017-07-23,0.315782253639327
2017-07-24,0.323302992156483
2017-07-25,0.343456473322359
2017-07-26,0.381048061715245
2017-07-27,0.371832736193151
2017-07-28,0.356992995707046
2017-07-29,0.353301216874859
2017-07-30,0.341479455149931
2017-07-31,0.362306736386818
2017-08-01,0.354096058874794
2017-08-02,0.346647945514993
2017-08-03,0.334220974145444
2017-08-04,0.328092217810916
2017-08-05,0.328939511313386
2017-08-06,0.304210645234176
2017-08-07,0.311840321487363
2017-08-08,0.336222200703657
2017-08-09,0.359236306123108
2017-08-10,0.351909234692231
2017-08-11,0.380575998192441
2017-08-12,0.352449888641425
2017-08-13,0.317335625060521
2017-08-14,0.357360156224783
2017-08-15,0.328342371130693
2017-08-16,0.321031438623673
2017-08-17,0.324109938349311
2017-08-18,0.318295891029986
2017-08-19,0.279911478002647
2017-08-20,0.268394338465511
2017-08-21,0.285852619347342
2017-08-22,0.277690358606888
2017-08-23,0.279195313256512
2017-08-24,0.267639843775217
2017-08-25,0.268483102546722
2017-08-26,0.264738872212001
2017-08-27,0.252001226558213
2017-08-28,0.274684484038604
2017-08-29,0.263391272069978
2017-08-30,0.256011749136568
2017-08-31,0.266417320293083
2017-09-01,0.321636648268293
2017-09-02,0.309705948807334
2017-09-03,0.309750330847939
2017-09-04,0.313958555243536
2017-09-05,0.296665698331235
2017-09-06,0.296964268422582
2017-09-07,0.302572544462735
2017-09-08,0.287656144088312
2017-09-09,0.264771150059714
2017-09-10,0.252796068558149
2017-09-11,0.261539330557438
2017-09-12,0.259877021400213
2017-09-13,0.257609502598367
2017-09-14,0.257904037958749
2017-09-15,0.276455730931861
2017-09-16,0.245323746812563
2017-09-17,0.235636357767664
2017-09-18,0.263633355927827
2017-09-19,0.286752364352345
2017-09-20,0.28312110648462
2017-09-21,0.270597301571931
2017-09-22,0.280974629611698
2017-09-23,0.245485136051128
2017-09-24,0.226574352022207
2017-09-25,0.255918950324392
2017-09-26,0.25792421161357
2017-09-27,0.236709596204125
2017-09-28,0.239150608437429
2017-09-29,0.239106226396824
2017-09-30,0.213352538652723
2017-10-01,0.209955295180917
2017-10-02,0.235616184112843
2017-10-03,0.250621348568477
2017-10-04,0.271718956779962
2017-10-05,0.264811497369355
2017-10-06,0.280567121784319
2017-10-07,0.24542864981763
2017-10-08,0.221821438946451
2017-10-09,0.242083857848359
2017-10-10,0.252844485329718
2017-10-11,0.239267615635389
2017-10-12,0.229870727219909
2017-10-13,0.212545592459895
2017-10-14,0.19833930473516
2017-10-15,0.183886898421613
2017-10-16,0.191552887253478
2017-10-17,0.19630176559827
2017-10-18,0.207252025434944
2017-10-19,0.203152738775378
2017-10-20,0.198952583841709
2017-10-21,0.178496497853523
2017-10-22,0.178093024757109
2017-10-23,0.20047367741519
2017-10-24,0.201966527871922
2017-10-25,0.19444982408573
2017-10-26,0.200909428359317
2017-10-27,0.186444917852878
2017-10-28,0.16895032439237
2017-10-29,0.158762628707918
2017-10-30,0.182930667183112
2017-10-31,0.202563668054614
2017-11-01,0.189793744553113
2017-11-02,0.210713824602176
2017-11-03,0.209596204125109
2017-11-04,0.188066879700462
2017-11-05,0.228099480326652
2017-11-06,0.278803944352991
2017-11-07,0.272114360414448
2017-11-08,0.288701139408024
2017-11-09,0.29924389141732
2017-11-10,0.294043123204545
2017-11-11,0.248406281269165
2017-11-12,0.309193537974888
2017-11-13,0.39827636293212
2017-11-14,0.418579129143669
2017-11-15,0.422331428940318
2017-11-16,0.434447726025629
2017-11-17,0.413971466382622
2017-11-18,0.345586811271424
2017-11-19,0.291263193570253
2017-11-20,0.327696814176431
2017-11-21,0.310908298634647
2017-11-22,0.279889286982344
2017-11-23,0.25712533488267
2017-11-24,0.273607210871179
2017-11-25,0.281963138697912
2017-11-26,0.326889867983603
2017-11-27,0.336532874987896
2017-11-28,0.374895096994932
2017-11-29,0.404316355185436
2017-11-30,0.396731060972854
2017-12-01,0.412022691326942
2017-12-02,0.373749233401117
2017-12-03,0.330315354572157
2017-12-04,0.383065427197314
2017-12-05,0.385054549562635
2017-12-06,0.366204286498176
2017-12-07,0.342855298408702
2017-12-08,0.349205964946257
2017-12-09,0.390977534617992
2017-12-10,0.371707659533262
2017-12-11,0.483974048610439
2017-12-12,0.532451341144572
2017-12-13,0.520649753074465
2017-12-14,0.542396952971176
2017-12-15,0.550873922726833
2017-12-16,0.524688518769568
2017-12-17,0.499491623898518
2017-12-18,0.537192150027436
2017-12-19,0.554472902746845
2017-12-20,0.539076369387689
2017-12-21,0.525600367967464
2017-12-22,0.496118588812498
2017-12-23,0.436465091507698
2017-12-24,0.399127691165553
2017-12-25,0.376464607339983
2017-12-26,0.398002001226558
2017-12-27,0.427588683386592
2017-12-28,0.446951357283496
2017-12-29,0.452938898034279
2017-12-30,0.477369194022143
2017-12-31,0.53360930893128
2018-01-01,0.510615309214044
2018-01-02,0.544722420245945
2018-01-03,0.56692954315927
2018-01-04,0.58011421018238
2018-01-05,0.539256965484465
2018-01-06,0.533706112992337
2018-01-07,0.528370611299234
2018-01-08,0.556121160815066
2018-01-09,0.561764836927464
2018-01-10,0.55270525158914
2018-01-11,0.555437978969881
2018-01-12,0.566413443830571
2018-01-13,0.541547852432721
2018-01-14,0.533357096180122
2018-01-15,0.543370908334818
2018-01-16,0.534307610051684
2018-01-17,0.571210568526109
2018-01-18,0.564694350383176
2018-01-19,0.592014198300956
2018-01-20,0.575881453098081
2018-01-21,0.582679855046635
2018-01-22,0.570133814530981
2018-01-23,0.549478702548565
2018-01-24,0.533464771579635
2018-01-25,0.546913057684311
2018-01-26,0.583325907443712
2018-01-27,0.564594100873285
2018-01-28,0.540307728865918
2018-01-29,0.561408394225628
2018-01-30,0.552460197231628
2018-01-31,0.530758034812571
2018-02-01,0.551543099863364
2018-02-02,0.563276005465455
2018-02-03,0.559633606606071
2018-02-04,0.519270183567991
2018-02-05,0.559964058694232
2018-02-06,0.583311055664469
2018-02-07,0.569636279926335
2018-02-08,0.565255005049605
2018-02-09,0.566762460642785
2018-02-10,0.518490465157726
2018-02-11,0.461374235133369
2018-02-12,0.518587001722806
2018-02-13,0.508342986989841
2018-02-14,0.521130368918196
2018-02-15,0.530724618309274
2018-02-16,0.55147997980158
2018-02-17,0.581547406879344
2018-02-18,0.561263589378007
2018-02-19,0.604077555991208
2018-02-20,0.603216152795105
2018-02-21,0.578098081150122
2018-02-22,0.582011524980693
2018-02-23,0.591397849462366
2018-02-24,0.574678458979386
2018-02-25,0.504563209172459
2018-02-26,0.547674211370522
2018-02-27,0.565340402780253
2018-02-28,0.572220489514644
2018-03-01,0.5683850175251
2018-03-02,0.570297184102656
2018-03-03,0.562785896750431
2018-03-04,0.527360690310699
2018-03-05,0.534890542386978
2018-03-06,0.543671656864492
2018-03-07,0.543270658824927
2018-03-08,0.525507930850116
2018-03-09,0.54045624665835
2018-03-10,0.521330867937979
2018-03-11,0.519199637616586
2018-03-12,0.557914513158676
2018-03-13,0.56301981227351
2018-03-14,0.575465603279273
2018-03-15,0.571607853620864
2018-03-16,0.564438157191231
2018-03-17,0.567590447335591
2018-03-18,0.544989752272322
2018-03-19,0.560728925325254
2018-03-20,0.54747742529555
2018-03-21,0.536966078536209
2018-03-22,0.524338353234718
2018-03-23,0.515887690845363
2018-03-24,0.487413117091428
2018-03-25,0.467582278857007
2018-03-26,0.477191380027327
2018-03-27,0.466572357868473
2018-03-28,0.485846254381275
2018-03-29,0.543370908334818
2018-03-30,0.566432008554625
2018-03-31,0.563405958533832
2018-04-01,0.5415404265431
2018-04-02,0.538841115665657
2018-04-03,0.557847680152082
2018-04-04,0.579464444840492
2018-04-05,0.593770421196459
2018-04-06,0.593503089170083
2018-04-07,0.579085724469791
2018-04-08,0.573998990079011
2018-04-09,0.600988385908632
2018-04-10,0.598515564664647
2018-04-11,0.595690013663637
2018-04-12,0.597902928770867
2018-04-13,0.602670349907919
2018-04-14,0.55586125467831
2018-04-15,0.537790352284204
2018-04-16,0.573924731182796
2018-04-17,0.564772322224202
2018-04-18,0.573252688172043
2018-04-19,0.5941974098497
2018-04-20,0.607456335769025
2018-04-21,0.596291510722985
2018-04-22,0.582531337254203
2018-04-23,0.599477217370641
2018-04-24,0.599466078536209
2018-04-25,0.594078595615755
2018-04-26,0.615116140913681
2018-04-27,0.628363927998574
2018-04-28,0.63587892829561
2018-04-29,0.599009386324482
2018-04-30,0.622300689122557
2018-05-01,0.609502168359769
2018-05-02,0.610560357630844
2018-05-03,0.585639072060833
2018-05-04,0.585561100219806
2018-05-05,0.594219687518565
2018-05-06,0.542049099982178
2018-05-07,0.579965692389948
2018-05-08,0.567315689419593
2018-05-09,0.5927864908216
2018-05-10,0.613140854274342
2018-05-11,0.631998900968336
2018-05-12,0.641207004099091
2018-05-13,0.633654874353948
2018-05-14,0.654298847501931
2018-05-15,0.679687964118101
2018-05-16,0.683664528010456
2018-05-17,0.688120061783402
2018-05-18,0.690054506029822
2018-05-19,0.660187577971841
2018-05-20,0.634594249391077
2018-05-21,0.623280906552605
2018-05-22,0.631906077348066
2018-05-23,0.632823174716331
2018-05-24,0.638916117150835
2018-05-25,0.64242484999703
2018-05-26,0.637323263827007
2018-05-27,0.612996049426721
2018-05-28,0.62264599298996
2018-05-29,0.639766381512505
2018-05-30,0.660414067605299
2018-05-31,0.68462618071645
2018-06-01,0.685413325016337
2018-06-02,0.669800392086972
2018-06-03,0.658167735994772
2018-06-04,0.664305233767005
2018-06-05,0.668864729994653
2018-06-06,0.6704984257114
2018-06-07,0.673119764747817
2018-06-08,0.676550525752985
2018-06-09,0.672982385789818
2018-06-10,0.661828699578209
2018-06-11,0.664724796530624
2018-06-12,0.67652824808412
2018-06-13,0.67666562704212
2018-06-14,0.668151844590982
2018-06-15,0.685565555753579
2018-06-16,0.681239975049011
2018-06-17,0.655316194380087
2018-06-18,0.646772708370463
2018-06-19,0.612669310283372
2018-06-20,0.606906819937028
2018-06-21,0.598935127428266
2018-06-22,0.578020109309095
2018-06-23,0.56485400701004
2018-06-24,0.548862353709974
2018-06-25,0.548535614566625
2018-06-26,0.519957078357987
2018-06-27,0.5129061961623
2018-06-28,0.507752628764926
2018-06-29,0.496962811144775
2018-06-30,0.472312570545951
2018-07-01,0.4477217370641
2018-07-02,0.469397908869483
2018-07-03,0.474436374977722
2018-07-04,0.481624636131409
2018-07-05,0.475992098853443
2018-07-06,0.474725984672964
2018-07-07,0.462350739618606
2018-07-08,0.443210509118992
2018-07-09,0.448713093328581
2018-07-10,0.426268341947365
2018-07-11,0.428291896869245
2018-07-12,0.4120663280461
2018-07-13,0.402227024297511
2018-07-14,0.380948137586883
2018-07-15,0.351088635418523
2018-07-16,0.405008019960791
2018-07-17,0.418705073367789
2018-07-18,0.399520287530446
2018-07-19,0.396728153032733
2018-07-20,0.395365502287174
2018-07-21,0.363972553911959
2018-07-22,0.330452088160162
2018-07-23,0.355321392502822
2018-07-24,0.362275738133428
2018-07-25,0.346844739499792
2018-07-26,0.345107081328343
2018-07-27,0.348263084417513
2018-07-28,0.332241727558962
2018-07-29,0.299385878928296
2018-07-30,0.322428414424048
2018-07-31,0.328681013485416
2018-08-01,0.317293411750728
2018-08-02,0.323156151606963
2018-08-03,0.326735430404562
2018-08-04,0.29450706944692
2018-08-05,0.261818303332739
2018-08-06,0.293634527416384
2018-08-07,0.30486989841383
2018-08-08,0.306867462722034
2018-08-09,0.325695805857542
2018-08-10,0.320512534901681
2018-08-11,0.288202489158201
2018-08-12,0.276625527238163
2018-08-13,0.315793382047169
2018-08-14,0.328331996673201
2018-08-15,0.292698865324066
2018-08-16,0.311694290976059
2018-08-17,0.310602685201687
2018-08-18,0.2512735400701
2018-08-19,0.232638270064754
2018-08-20,0.271126655973386
2018-08-21,0.274973266797362
2018-08-22,0.279102061426959
2018-08-23,0.279948612843819
2018-08-24,0.285811352700053
2018-08-25,0.235697736588843
2018-08-26,0.220649171270718
2018-08-27,0.245176884690786
2018-08-28,0.260463078476802
2018-08-29,0.271772708370463
2018-08-30,0.268694677122319
2018-08-31,0.257121428147092
2018-09-01,0.243394671181608
2018-09-02,0.22744014732965
2018-09-03,0.240023317293412
2018-09-04,0.228687696786075
2018-09-05,0.212714608210064
2018-09-06,0.224867076575774
2018-09-07,0.233666755777342
2018-09-08,0.2089756727856
2018-09-09,0.20431221410325
2018-09-10,0.245600160399216
2018-09-11,0.246357601140617
2018-09-12,0.247757381334284
2018-09-13,0.241222598467296
2018-09-14,0.255398621754886
2018-09-15,0.201987910651696
2018-09-16,0.19399765341888
2018-09-17,0.227261925978732
2018-09-18,0.220597190043367
2018-09-19,0.231309035822492
2018-09-20,0.214853264421078
2018-09-21,0.209762817085487
2018-09-22,0.202129002554506
2018-09-23,0.191417156775382
2018-09-24,0.228108477395592
2018-09-25,0.233629626329234
2018-09-26,0.222490791896869
2018-09-27,0.222386829442167
2018-09-28,0.218402839660191
2018-09-29,0.173361106160518
2018-09-30,0.165964920097428
2018-10-01,0.202426038139369
2018-10-02,0.200510158617002
2018-10-03,0.193786015564665
2018-10-04,0.184637319550882
2018-10-05,0.186928206499139
2018-10-06,0.179012208162538
2018-10-07,0.16936597754411
2018-10-08,0.182194201865383
2018-10-09,0.185606398146498
2018-10-10,0.180690459217014
2018-10-11,0.189181963999287
2018-10-12,0.160161587358165
2018-10-13,0.155435008614032
2018-10-14,0.147745499910889
2018-10-15,0.184592764213153
2018-10-16,0.187362621042001
2018-10-17,0.16710479415434
2018-10-18,0.158234569001366
2018-10-19,0.170936553199073
2018-10-20,0.170851155468425
2018-10-21,0.167761985385849
2018-10-22,0.171137052218856
2018-10-23,0.167461236856175
2018-10-24,0.172291778055011
2018-10-25,0.179472613319076
2018-10-26,0.179988712647775
2018-10-27,0.170698924731183
2018-10-28,0.172301060417038
2018-10-29,0.222338561159627
2018-10-30,0.262063357690251
2018-10-31,0.259312065585457
2018-11-01,0.261859145725658
2018-11-02,0.259508851660429
2018-11-03,0.230039208697202
2018-11-04,0.214968365710212
2018-11-05,0.237880948137587
2018-11-06,0.247853917899364
2018-11-07,0.251934444246421
2018-11-08,0.275738133428385
2018-11-09,0.275675013366601
2018-11-10,0.258643735519515
2018-11-11,0.256156062496287
2018-11-12,0.272671241014674
2018-11-13,0.26742856294184
2018-11-14,0.260288570070695
2018-11-15,0.251195568229074
2018-11-16,0.253898592051328
2018-11-17,0.250935662092319
2018-11-18,0.217552575298521
2018-11-19,0.230210004158498
2018-11-20,0.268111744787025
2018-11-21,0.31721172696489
2018-11-22,0.310205400106933
2018-11-23,0.299660636844294
2018-11-24,0.311115071585576
2018-11-25,0.264350531693697
2018-11-26,0.296660577437177
2018-11-27,0.292594902869364
2018-11-28,0.266537456187251
2018-11-29,0.249335382878869
2018-11-30,0.254856531812511
2018-12-01,0.236410621992515
2018-12-02,0.231561516069625
2018-12-03,0.375898532644211
2018-12-04,0.423364819105329
2018-12-05,0.417580051090121
2018-12-06,0.414438899780194
2018-12-07,0.414520584566031
2018-12-08,0.376355224855938
2018-12-09,0.345366987465098
2018-12-10,0.427831491712707
2018-12-11,0.449871532109547
2018-12-12,0.478060209113052
2018-12-13,0.449834402661439
2018-12-14,0.487420542981049
2018-12-15,0.406767955801105
2018-12-16,0.359724945048417
2018-12-17,0.40217504307016
2018-12-18,0.389699548505911
2018-12-19,0.384442018653835
2018-12-20,0.421092496881126
2018-12-21,0.401900285154161
2018-12-22,0.455641448345512
2018-12-23,0.461403938691855
2018-12-24,0.475078714429989
2018-12-25,0.456235519515238
2018-12-26,0.477499554446623
2018-12-27,0.479619645933583
2018-12-28,0.464040129507515
2018-12-29,0.400233172934118
2018-12-30,0.353026792609755
2018-12-31,0.345159062555694
2019-01-01,0.309390689183021
2019-01-02,0.34148790506618
2019-01-03,0.368534154876008
2019-01-04,0.388011562452457
2019-01-05,0.311277194583904
2019-01-06,0.263232161874334
2019-01-07,0.324973375931842
2019-01-08,0.336840103453522
2019-01-09,0.336208732694356
2019-01-10,0.393176631675034
2019-01-11,0.365712003651301
2019-01-12,0.280712764338962
2019-01-13,0.257367260003043
2019-01-14,0.374167047010497
2019-01-15,0.410413814087935
2019-01-16,0.416875855773619
2019-01-17,0.412718697702723
2019-01-18,0.422774988589685
2019-01-19,0.370257112429636
2019-01-20,0.319348090673969
2019-01-21,0.40088239768751
2019-01-22,0.406614179218013
2019-01-23,0.430222120797201
2019-01-24,0.454339723109691
2019-01-25,0.421599726152442
2019-01-26,0.294880572037122
2019-01-27,0.257055378061768
2019-01-28,0.343374410467062
2019-01-29,0.395116385212232
2019-01-30,0.418652061463563
2019-01-31,0.465426745778183
2019-02-01,0.496386733607181
2019-02-02,0.459230944774076
2019-02-03,0.432850296668188
2019-02-04,0.495177240225164
2019-02-05,0.503685531720676
2019-02-06,0.477377148942644
2019-02-07,0.453575232009737
2019-02-08,0.442423550890005
2019-02-09,0.374942948425377
2019-02-10,0.372166438460368
2019-02-11,0.491427050053248
2019-02-12,0.483055682336832
2019-02-13,0.480781226228511
2019-02-14,0.484268979157158
2019-02-15,0.474809828084588
2019-02-16,0.409782443328769
2019-02-17,0.37048531872813
2019-02-18,0.44396013996653
2019-02-19,0.473037425832953
2019-02-20,0.468233683249658
2019-02-21,0.453419291039099
2019-02-22,0.452133728890917
2019-02-23,0.370568994370911
2019-02-24,0.341210254069679
2019-02-25,0.404716263502206
2019-02-26,0.418929712460064
2019-02-27,0.417035600182565
2019-02-28,0.400486840103453
2019-03-01,0.462695877072874
2019-03-02,0.446470409249962
2019-03-03,0.362174806024646
2019-03-04,0.400076068766165
2019-03-05,0.430077590141488
2019-03-06,0.43822075155941
2019-03-07,0.436961813479385
2019-03-08,0.481488665753841
2019-03-09,0.402160352959075
2019-03-10,0.405397078959379
2019-03-11,0.500840559866119
2019-03-12,0.497847253917541
2019-03-13,0.467815305035752
2019-03-14,0.494656169176936
2019-03-15,0.52482884527613
2019-03-16,0.502008215426746
2019-03-17,0.478297581013236
2019-03-18,0.549148029818956
2019-03-19,0.553027536893352
2019-03-20,0.529263654343527
2019-03-21,0.522025711242964
2019-03-22,0.52525863380496
2019-03-23,0.439985546934429
2019-03-24,0.375041837821391
2019-03-25,0.412201430092804
2019-03-26,0.420941731325118
2019-03-27,0.409504792332268
2019-03-28,0.414958922866271
2019-03-29,0.385596379126731
2019-03-30,0.357428115015974
2019-03-31,0.313901567016583
2019-04-01,0.392701201886505
2019-04-02,0.394542066027689
2019-04-03,0.441027689030884
2019-04-04,0.460946295451088
2019-04-05,0.465886961813479
2019-04-06,0.433302905826867
2019-04-07,0.401422485927278
2019-04-08,0.431408793549369
2019-04-09,0.416815000760688
2019-04-10,0.403563821694812
2019-04-11,0.418846036817283
2019-04-12,0.402027232618287
2019-04-13,0.342263806481059
2019-04-14,0.317343678685532
2019-04-15,0.383656625589533
2019-04-16,0.395584208124144
2019-04-17,0.392819108474061
2019-04-18,0.384523809523809
2019-04-19,0.376875095085958
2019-04-20,0.383219230184086
2019-04-21,0.358808763121862
2019-04-22,0.340651148638369
2019-04-23,0.387965921192758
2019-04-24,0.402715654952077
2019-04-25,0.434561843906892
2019-04-26,0.513087631218622
2019-04-27,0.45834094020995
2019-04-28,0.450045641259699
2019-04-29,0.500802525483037
2019-04-30,0.508283888635326
2019-05-01,0.428849079567929
2019-05-02,0.460740909782443
2019-05-03,0.483409402099498
2019-05-04,0.429982504183782
2019-05-05,0.403023733455043
2019-05-06,0.451433896242203
2019-05-07,0.454290278411684
2019-05-08,0.439156397383234
2019-05-09,0.542450174958162
2019-05-10,0.578366042902784
2019-05-11,0.563068614027081
2019-05-12,0.516651452913434
2019-05-13,0.519481211014757
2019-05-14,0.492366499315381
2019-05-15,0.492446371519854
2019-05-16,0.480001521375323
2019-05-17,0.486954206602769
2019-05-18,0.474429484253765
2019-05-19,0.43445915107257
2019-05-20,0.536402708048075
2019-05-21,0.548394949033927
2019-05-22,0.534219534459151
2019-05-23,0.542461585273087
2019-05-24,0.579267457781835
2019-05-25,0.565263197930929
2019-05-26,0.52321618743344
2019-05-27,0.55438536436939
2019-05-28,0.565616917693595
2019-05-29,0.567214361783052
2019-05-30,0.48037425832953
2019-05-31,0.509086414118363
2019-06-01,0.504590750038034
2019-06-02,0.478019930016735
2019-06-03,0.51562832800852
2019-06-04,0.530393275521071
2019-06-05,0.541073330290583
2019-06-06,0.526479537501902
2019-06-07,0.535265479993914
2019-06-08,0.484383082306405
2019-06-09,0.512292712612201
2019-06-10,0.537760535524114
2019-06-11,0.575593336376084
2019-06-12,0.57469952837365
2019-06-13,0.587045489122166
2019-06-14,0.596584512399209
2019-06-15,0.59258329529895
2019-06-16,0.580754602160353
2019-06-17,0.588410923474821
2019-06-18,0.562939297124601
2019-06-19,0.573417769663776
2019-06-20,0.573592727825955
2019-06-21,0.569317663167503
2019-06-22,0.538395709721588
2019-06-23,0.521679598356915
2019-06-24,0.536311425528678
2019-06-25,0.530914346569299
2019-06-26,0.525890004564126
2019-06-27,0.530887722501141
2019-06-28,0.539243876464324
2019-06-29,0.513559257568842
2019-06-30,0.486440742431158
2019-07-01,0.489255286779248
2019-07-02,0.482747603833866
2019-07-03,0.463338658146965
2019-07-04,0.4527727065267
2019-07-05,0.457428115015974
2019-07-06,0.43753232922562
2019-07-07,0.419983264871444
2019-07-08,0.426650692225772
2019-07-09,0.414905674729956
2019-07-10,0.397063745626046
2019-07-11,0.357831279476647
2019-07-12,0.364068918302145
2019-07-13,0.355400882397688
2019-07-14,0.319173132511791
2019-07-15,0.344279628784421
2019-07-16,0.335292104062072
2019-07-17,0.327365738627719
2019-07-18,0.328012323140119
2019-07-19,0.345447284345048
2019-07-20,0.289947512551346
2019-07-21,0.277886809675947
2019-07-22,0.332439525330899
2019-07-23,0.349033926669709
2019-07-24,0.34914042294234
2019-07-25,0.351764795375019
2019-07-26,0.330385668644455
2019-07-27,0.318385820781987
2019-07-28,0.372771185151377
2019-07-29,0.399912520918911
2019-07-30,0.364593792788681
2019-07-31,0.357203712155789
2019-08-01,0.339156397383234
2019-08-02,0.307078198691617
2019-08-03,0.268294538262589
2019-08-04,0.255708960900654
2019-08-05,0.277046249809828
2019-08-06,0.319618134793854
2019-08-07,0.340107256960292
2019-08-08,0.34013388102845
2019-08-09,0.320344591510726
2019-08-10,0.304233226837061
2019-08-11,0.307686748820934
2019-08-12,0.353126426289366
2019-08-13,0.326456716872052
2019-08-14,0.311695572797809
2019-08-15,0.270846645367412
2019-08-16,0.294272021907805
2019-08-17,0.267161113646737
2019-08-18,0.258192606115929
2019-08-19,0.300251026928343
2019-08-20,0.372619047619048
2019-08-21,0.382793245093565
2019-08-22,0.378521983873422
2019-08-23,0.361627110908261
2019-08-24,0.335326335006846
2019-08-25,0.324148029818956
2019-08-26,0.330876312186216
2019-08-27,0.315343070135402
2019-08-28,0.312794766468888
2019-08-29,0.314620416856839
2019-08-30,0.317902784116842
2019-08-31,0.298364521527461
2019-09-01,0.290944013388103
2019-09-02,0.2814696485623
2019-09-03,0.257819869161722
2019-09-04,0.251430092803895
2019-09-05,0.245888483188803
2019-09-06,0.234025559105431
2019-09-07,0.210508900045641
2019-09-08,0.208842994066636
2019-09-09,0.251380648105888
2019-09-10,0.256541913890157
2019-09-11,0.237612201430093
2019-09-12,0.234227141335768
2019-09-13,0.227734672143618
2019-09-14,0.209219534459151
2019-09-15,0.205206907043968
2019-09-16,0.231808154571733
2019-09-17,0.218363000152138
2019-09-18,0.201057355849688
2019-09-19,0.196789898067853
2019-09-20,0.189913281606572
2019-09-21,0.173923626958771
2019-09-22,0.17431157766621
2019-09-23,0.236775445002282
2019-09-24,0.210664841016279
2019-09-25,0.219876768598813
2019-09-26,0.224322987981135
2019-09-27,0.218868857447132
2019-09-28,0.195584208124144
2019-09-29,0.177867792484406
2019-09-30,0.213167503423094
2019-10-01,0.213646736649932
2019-10-02,0.230092803894721
2019-10-03,0.244443176631675
2019-10-04,0.223486231553324
2019-10-05,0.211429332116233
2019-10-06,0.195603225315685
2019-10-07,0.261935189411228
2019-10-08,0.263707591662863
2019-10-09,0.265521831735889
2019-10-10,0.294777879202799
2019-10-11,0.268172828236726
2019-10-12,0.236771641563974
2019-10-13,0.224429484253765
2019-10-14,0.248398752472235
2019-10-15,0.305716567777271
2019-10-16,0.333584360261677
2019-10-17,0.326688726608854
2019-10-18,0.322390841320554
2019-10-19,0.337863228358436
2019-10-20,0.369420356001826
2019-10-21,0.425178761600487
2019-10-22,0.439464475886201
2019-10-23,0.463064810588772
2019-10-24,0.461870530959988
2019-10-25,0.457218925909022
2019-10-26,0.402491252091891
2019-10-27,0.34640955423703
2019-10-28,0.36827171763274
2019-10-29,0.399927734672144
2019-10-30,0.403560018256504
2019-10-31,0.409797657082002
2019-11-01,0.392366499315381
2019-11-02,0.417260003042751
2019-11-03,0.511166894872965
2019-11-04,0.560577361935189
2019-11-05,0.572299558801156
2019-11-06,0.590715807089609
2019-11-07,0.588635326335007
2019-11-08,0.602810740909782
2019-11-09,0.56715350677012
2019-11-10,0.511022364217252
2019-11-11,0.494226380648106
2019-11-12,0.503951772402252
2019-11-13,0.499361022364217
2019-11-14,0.483485470865663
2019-11-15,0.528750190171915
2019-11-16,0.48265251787616
2019-11-17,0.428366042902784
2019-11-18,0.47665449566408
2019-11-19,0.490438156093108
2019-11-20,0.503624676707744
2019-11-21,0.502304883614788
2019-11-22,0.476726760991937
2019-11-23,0.449471322075156
2019-11-24,0.448269435569755
2019-11-25,0.500578122622851
2019-11-26,0.493534154876008
2019-11-27,0.493146204168568
2019-11-28,0.523763882549825
2019-11-29,0.577829758101324
2019-11-30,0.576768598813327
2019-12-01,0.564628023733455
2019-12-02,0.584721588315838
2019-12-03,0.591879659211928
2019-12-04,0.593351589837213
2019-12-05,0.59926973984482
2019-12-06,0.553244332876921
2019-12-07,0.487969724631066
2019-12-08,0.423463410923475
2019-12-09,0.458645215274608
2019-12-10,0.541735128556215
2019-12-11,0.538121862163396
2019-12-12,0.56758329529895
2019-12-13,0.602673817130686
2019-12-14,0.591290126274152
2019-12-15,0.59888178913738
2019-12-16,0.631564734520006
2019-12-17,0.640944013388103
2019-12-18,0.629472843450479
2019-12-19,0.617959835691465
2019-12-20,0.642020386429332
2019-12-21,0.633268674882093
2019-12-22,0.638912977331508
2019-12-23,0.642461585273087
2019-12-24,0.647546782291191
2019-12-25,0.642587098737258
2019-12-26,0.646413357675338
2019-12-27,0.647040924996197
2019-12-28,0.621516050509661
2019-12-29,0.591476494751255
2019-12-30,0.597752167959836
2019-12-31,0.583987524722349
2020-01-01,0.499124909222948
2020-01-02,0.520856935366739
2020-01-03,0.491463326071169
2020-01-04,0.444440813362382
2020-01-05,0.416957153231663
2020-01-06,0.439473493100944
2020-01-07,0.466742919389978
2020-01-08,0.464506172839506
2020-01-09,0.442265795206972
2020-01-10,0.436383442265795
2020-01-11,0.359912854030501
2020-01-12,0.301713870733479
2020-01-13,0.41278140885984
2020-01-14,0.381648511256354
2020-01-15,0.378140885984023
2020-01-16,0.391056644880174
2020-01-17,0.401325344952796
2020-01-18,0.374538852578068
2020-01-19,0.318986928104575
2020-01-20,0.435951343500363
2020-01-21,0.460777051561365
2020-01-22,0.454644153957879
2020-01-23,0.458409586056645
2020-01-24,0.482080610021786
2020-01-25,0.437643427741467
2020-01-26,0.347875816993464
2020-01-27,0.397516339869281
2020-01-28,0.394720406681191
2020-01-29,0.442534495279593
2020-01-30,0.44936456063907
2020-01-31,0.467821350762527
2020-02-01,0.445773420479303
2020-02-02,0.455334059549746
2020-02-03,0.49897966594045
2020-02-04,0.504368191721133
2020-02-05,0.553315177923021
2020-02-06,0.569611474219317
2020-02-07,0.563079157588961
2020-02-08,0.484742193173566
2020-02-09,0.439952795933188
2020-02-10,0.469498910675381
2020-02-11,0.487519970951344
2020-02-12,0.493997821350763
2020-02-13,0.500246913580247
2020-02-14,0.527098765432099
2020-02-15,0.486314451706609
2020-02-16,0.422690631808279
2020-02-17,0.46923021060276
2020-02-18,0.490522875816993
2020-02-19,0.504081336238199
2020-02-20,0.516957153231663
2020-02-21,0.528213507625272
2020-02-22,0.454237472766885
2020-02-23,0.395312273057371
2020-02-24,0.453798111837327
2020-02-25,0.475522875816993
2020-02-26,0.524814814814815
2020-02-27,0.570871459694989
2020-02-28,0.577483660130719
2020-03-01,0.499400871459695
2020-03-02,0.578870733478577
2020-03-03,0.578013798111837
2020-03-04,0.596161946259985
2020-03-05,0.601154684095861
2020-03-06,0.602701525054466
2020-03-07,0.601481481481482
2020-03-08,0.577697893972404
2020-03-09,0.618184458968773
2020-03-10,0.584771241830065
2020-03-11,0.583474945533769
2020-03-12,0.600010893246187
2020-03-13,0.626521423384168
2020-03-14,0.622676107480029
2020-03-15,0.570468409586057
2020-03-16,0.609469862018882
2020-03-17,0.609386347131445
2020-03-18,0.596870007262164
2020-03-19,0.588151779230211
2020-03-20,0.579255628177197
2020-03-21,0.506328976034858
2020-03-22,0.463805374001452
2020-03-23,0.483907044299201
2020-03-24,0.49878721859114
2020-03-25,0.482937545388526
2020-03-26,0.467625272331155
2020-03-27,0.484324618736383
2020-03-28,0.418845315904139
2020-03-29,0.364800290486565
2020-03-30,0.442109658678286
2020-03-31,0.43980755265069
2020-04-01,0.434034132171387
2020-04-02,0.4320406681191
2020-04-03,0.434371822803195
2020-04-04,0.378583877995643
2020-04-05,0.303823529411765
2020-04-06,0.356543209876543
2020-04-07,0.392523602033406
2020-04-08,0.391466957153232
2020-04-09,0.416964415395788
2020-04-10,0.369644153957879
2020-04-11,0.37440813362382
2020-04-12,0.353115468409586
2020-04-13,0.304175744371823
2020-04-14,0.381267247639797
2020-04-15,0.401623093681917
2020-04-16,0.411256354393609
2020-04-17,0.413144517066086
2020-04-18,0.411579520697168
2020-04-19,0.370856935366739
2020-04-20,0.403809005083515
2020-04-21,0.414945533769063
2020-04-22,0.424222948438635
2020-04-23,0.46460058097313
2020-04-24,0.447748729121278
2020-04-25,0.402490922294844
2020-04-26,0.396187363834423
2020-04-27,0.456063907044299
2020-04-28,0.476118373275236
2020-04-29,0.47960058097313
2020-04-30,0.460446623093682
2020-05-01,0.466822803195352
2020-05-02,0.546027596223675
2020-05-03,0.563747276688453
2020-05-04,0.568068264342774
2020-05-05,0.550490196078431
2020-05-06,0.584727668845316
2020-05-07,0.584527959331881
2020-05-08,0.559404502541757
2020-05-09,0.553322440087146
2020-05-10,0.51519244734931
2020-05-11,0.563692810457516
2020-05-12,0.627407407407407
2020-05-13,0.631822803195352
2020-05-14,0.636873638344227
2020-05-15,0.631684822076979
2020-05-16,0.595079883805374
2020-05-17,0.530486564996369
2020-05-18,0.573326071169208
2020-05-19,0.555344952795933
2020-05-20,0.545432098765432
2020-05-21,0.496561365286856
2020-05-22,0.499052287581699
2020-05-23,0.470424836601307
2020-05-24,0.436811909949165
2020-05-25,0.496917211328976
2020-05-26,0.491314451706609
2020-05-27,0.471884531590414
2020-05-28,0.459647785039942
2020-05-29,0.457821350762527
2020-05-30,0.411481481481482
2020-05-31,0.358289760348584
2020-06-01,0.337814088598402
2020-06-02,0.409673202614379
2020-06-03,0.436971677559913
2020-06-04,0.455733478576616
2020-06-05,0.475751633986928
2020-06-06,0.427098765432099
2020-06-07,0.492414669571532
2020-06-08,0.497962962962963
2020-06-09,0.502349310094408
2020-06-10,0.534212055192447
2020-06-11,0.527251270878722
2020-06-12,0.532897603485839
2020-06-13,0.528740014524328
2020-06-14,0.516278140885984
2020-06-15,0.526063907044299
2020-06-16,0.538242556281772
2020-06-17,0.546949891067538
2020-06-18,0.557672476397967
2020-06-19,0.537371096586783
2020-06-20,0.506525054466231
2020-06-21,0.451978939724038
2020-06-22,0.476826434277415
2020-06-23,0.467407407407407
2020-06-24,0.482465504720407
2020-06-25,0.469164851125635
2020-06-26,0.487247639796659
2020-06-27,0.461692084241104
2020-06-28,0.4290232389252
2020-06-29,0.45998547567175
2020-06-30,0.440911401597676
2020-07-01,0.487080610021786
2020-07-02,0.472607116920842
2020-07-03,0.470283224400871
2020-07-04,0.405987654320988
2020-07-05,0.3399709513435
2020-07-06,0.397785039941903
2020-07-07,0.409491648511256
2020-07-08,0.406989832970225
2020-07-09,0.412570806100218
2020-07-10,0.380740740740741
2020-07-11,0.354854756717502
2020-07-12,0.333257080610022
2020-07-13,0.371347131445171
2020-07-14,0.351822803195352
2020-07-15,0.359204793028322
2020-07-16,0.352657952069717
2020-07-17,0.356289034132171
2020-07-18,0.294212055192447
2020-07-19,0.265718954248366
2020-07-20,0.321721132897604
2020-07-21,0.319444444444444
2020-07-22,0.342312999273784
2020-07-23,0.351506899055919
2020-07-24,0.367919389978213
2020-07-25,0.315537400145243
2020-07-26,0.274698620188816
2020-07-27,0.311343500363108
2020-07-28,0.311397966594045
2020-07-29,0.326717501815541
2020-07-30,0.325363108206245
2020-07-31,0.334818445896877
2020-08-01,0.327668845315904
2020-08-02,0.298732752360203
2020-08-03,0.323238925199709
2020-08-04,0.341147421931736
2020-08-05,0.328700072621641
2020-08-06,0.331564996368918
2020-08-07,0.332153231663036
2020-08-08,0.327127814088598
2020-08-09,0.303671023965142
2020-08-10,0.320708061002179
2020-08-11,0.314934640522876
2020-08-12,0.295290486564996
2020-08-13,0.284248366013072
2020-08-14,0.300145243282498
2020-08-15,0.260250544662309
2020-08-16,0.233151779230211
2020-08-17,0.286241830065359
2020-08-18,0.299360929557008
2020-08-19,0.289484386347131
2020-08-20,0.288438634713145
2020-08-21,0.288841684822077
2020-08-22,0.244106753812636
2020-08-23,0.227530864197531
2020-08-24,0.251655773420479
2020-08-25,0.230729847494553
2020-08-26,0.221870007262164
2020-08-27,0.22476397966594
2020-08-28,0.226071169208424
2020-08-29,0.239509803921569
2020-08-30,0.267214960058097
2020-08-31,0.312051561365287
2020-09-01,0.310159767610748
2020-09-02,0.31460058097313
2020-09-03,0.297846768336964
2020-09-04,0.277062454611474
2020-09-05,0.25838779956427
2020-09-06,0.245479302832244
2020-09-07,0.253467683369644
2020-09-08,0.246205519244735
2020-09-09,0.244233841684822
2020-09-10,0.245294117647059
2020-09-11,0.235773420479303
2020-09-12,0.21763253449528
2020-09-13,0.206416122004357
2020-09-14,0.231786492374728
2020-09-15,0.258936092955701
2020-09-16,0.256499636891794
2020-09-17,0.234843863471314
2020-09-18,0.229662309368192
2020-09-19,0.207058823529412
2020-09-20,0.212044299201162
2020-09-21,0.245065359477124
2020-09-22,0.255744371822803
2020-09-23,0.251830065359477
2020-09-24,0.243159041394336
2020-09-25,0.272792302106028
2020-09-26,0.298899782135076
2020-09-27,0.307995642701525
2020-09-28,0.315820624546115
2020-09-29,0.318424110384895
2020-09-30,0.297145969498911
2020-10-01,0.301318082788671
2020-10-02,0.32742556281772
2020-10-03,0.401822803195352
2020-10-04,0.426245461147422
2020-10-05,0.421056644880174
2020-10-06,0.401445170660857
2020-10-07,0.426706608569354
2020-10-08,0.405167029774873
2020-10-09,0.400272331154684
2020-10-10,0.339869281045752
2020-10-11,0.314811183732752
2020-10-12,0.354774872912128
2020-10-13,0.35860929557008
2020-10-14,0.346888162672476
2020-10-15,0.350294117647059
2020-10-16,0.382171387073348
2020-10-17,0.371023965141612
2020-10-18,0.322527233115468
2020-10-19,0.36738198983297
2020-10-20,0.344564270152505
2020-10-21,0.318888888888889
2020-10-22,0.332712418300654
2020-10-23,0.393384168482208
2020-10-24,0.435610021786492
2020-10-25,0.384818445896877
2020-10-26,0.424716775599129
2020-10-27,0.463707334785766
2020-10-28,0.460403050108932
2020-10-29,0.46918663761801
2020-10-30,0.464898329702251
2020-10-31,0.446688453159041
2020-11-01,0.389386347131445
2020-11-02,0.38436456063907
2020-11-03,0.380039941902687
2020-11-04,0.389546114742193
2020-11-05,0.372044299201162
2020-11-06,0.356463326071169
2020-11-07,0.327628903413217
2020-11-08,0.314538852578068
2020-11-09,0.377414669571532
2020-11-10,0.401299927378359
2020-11-11,0.359128540305011
2020-11-12,0.339647785039942
2020-11-13,0.330922294843863
2020-11-14,0.276572258533043
2020-11-15,0.237229484386347
2020-11-16,0.32939360929557
2020-11-17,0.358710965867829
2020-11-18,0.335664488017429
2020-11-19,0.315152505446623
2020-11-20,0.341427015250545
2020-11-21,0.268075526506899
2020-11-22,0.237832244008715
2020-11-23,0.327476397966594
2020-11-24,0.322763253449528
2020-11-25,0.305330428467683
2020-11-26,0.349168482207698
2020-11-27,0.366717501815541
2020-11-28,0.275239651416122
2020-11-29,0.24556281771968
2020-11-30,0.321953522149601
2020-12-01,0.325693536673929
2020-12-02,0.37982207697894
2020-12-03,0.328536673928831
2020-12-04,0.332040668119099
2020-12-05,0.3160348583878
2020-12-06,0.267334785766158
2020-12-07,0.359063180827887
2020-12-08,0.385090777051561
2020-12-09,0.402835875090777
2020-12-10,0.424480755265069
2020-12-11,0.393543936092956
2020-12-12,0.373304284676834
2020-12-13,0.430439360929557
2020-12-14,0.47316630355846
2020-12-15,0.49323892519971
2020-12-16,0.518696441539579
2020-12-17,0.525697167755991
2020-12-18,0.48442265795207
2020-12-19,0.434705882352941
2020-12-20,0.412058823529412
2020-12-21,0.428133623819898
2020-12-22,0.4420406681191
2020-12-23,0.4839941902687
2020-12-24,0.462320261437908
2020-12-25,0.466009440813362
2020-12-26,0.43900871459695
2020-12-27,0.410472040668119
2020-12-28,0.486049382716049
2020-12-29,0.485079883805374
2020-12-30,0.445544662309368
2020-12-31,0.423652868554829
2021-01-01,0.410507246376812
2021-01-02,0.419974637681159
2021-01-03,0.38245652173913
2021-01-04,0.437913043478261
2021-01-05,0.480775362318841
2021-01-06,0.480018115942029
2021-01-07,0.486438405797101
2021-01-08,0.507822463768116
2021-01-09,0.413673913043478
2021-01-10,0.341463768115942
2021-01-11,0.438923913043478
2021-01-12,0.449670289855072
2021-01-13,0.477833333333333
2021-01-14,0.519246376811594
2021-01-15,0.58575
2021-01-16,0.500391304347826
2021-01-17,0.468304347826087
2021-01-18,0.529666666666667
2021-01-19,0.521920289855072
2021-01-20,0.467648550724638
2021-01-21,0.480326086956522
2021-01-22,0.535347826086957
2021-01-23,0.543271739130435
2021-01-24,0.524775362318841
2021-01-25,0.588235507246377
2021-01-26,0.588804347826087
2021-01-27,0.575065217391304
2021-01-28,0.577692028985507
2021-01-29,0.573373188405797
2021-01-30,0.557304347826087
2021-01-31,0.547195652173913
2021-02-01,0.582873188405797
2021-02-02,0.564173913043478
2021-02-03,0.563579710144928
2021-02-04,0.591007246376812
2021-02-05,0.561514492753623
2021-02-06,0.586166666666667
2021-02-07,0.56881884057971
2021-02-08,0.601771739130435
2021-02-09,0.626264492753623
2021-02-10,0.620938405797101
2021-02-11,0.634351449275362
2021-02-12,0.641119565217391
2021-02-13,0.618148550724638
2021-02-14,0.567536231884058
2021-02-15,0.607463768115942
2021-02-16,0.574434782608696
2021-02-17,0.552467391304348
2021-02-18,0.543851449275362
2021-02-19,0.53538768115942
2021-02-20,0.492434782608696
2021-02-21,0.451210144927536
2021-02-22,0.506094202898551
2021-02-23,0.49518115942029
2021-02-24,0.46370652173913
2021-02-25,0.495971014492754
2021-02-26,0.514978260869565
2021-02-27,0.47186231884058
2021-02-28,0.452731884057971
2021-03-01,0.516920289855072
2021-03-02,0.510746376811594
2021-03-03,0.523619565217391
2021-03-04,0.51454347826087
2021-03-05,0.517967391304348
2021-03-06,0.45818115942029
2021-03-07,0.428753623188406
2021-03-08,0.497623188405797
2021-03-09,0.493677536231884
2021-03-10,0.456579710144928
2021-03-11,0.379699275362319
2021-03-12,0.396753623188406
2021-03-13,0.389985507246377
2021-03-14,0.37645652173913
2021-03-15,0.455072463768116
2021-03-16,0.494797101449275
2021-03-17,0.495018115942029
2021-03-18,0.530170289855072
2021-03-19,0.499800724637681
2021-03-20,0.43825
2021-03-21,0.363735507246377
2021-03-22,0.409547101449275
2021-03-23,0.417239130434783
2021-03-24,0.386246376811594
2021-03-25,0.393967391304348
2021-03-26,0.374257246376812
2021-03-27,0.372097826086957
2021-03-28,0.353125
2021-03-29,0.374601449275362
2021-03-30,0.400018115942029
2021-03-31,0.41563768115942
2021-04-01,0.427971014492754
2021-04-02,0.398590579710145
2021-04-03,0.38720652173913
2021-04-04,0.380913043478261
2021-04-05,0.339844202898551
2021-04-06,0.392268115942029
2021-04-07,0.383355072463768
2021-04-08,0.381094202898551
2021-04-09,0.379804347826087
2021-04-10,0.315278985507246
2021-04-11,0.292590579710145
2021-04-12,0.384300724637681
2021-04-13,0.407898550724638
2021-04-14,0.372485507246377
2021-04-15,0.359148550724638
2021-04-16,0.347231884057971
2021-04-17,0.290826086956522
2021-04-18,0.265492753623188
2021-04-19,0.308815217391304
2021-04-20,0.300985507246377
2021-04-21,0.29320652173913
2021-04-22,0.277536231884058
2021-04-23,0.277163043478261
2021-04-24,0.250742753623188
2021-04-25,0.257514492753623
2021-04-26,0.30625
2021-04-27,0.331105072463768
2021-04-28,0.33606884057971
2021-04-29,0.382427536231884
2021-04-30,0.423253623188406
2021-05-01,0.41668115942029
2021-05-02,0.467663043478261
2021-05-03,0.46870652173913
2021-05-04,0.391105072463768
2021-05-05,0.41236231884058
2021-05-06,0.446028985507246
2021-05-07,0.517471014492754
2021-05-08,0.524286231884058
2021-05-09,0.467148550724638
2021-05-10,0.543731884057971
2021-05-11,0.529083333333333
2021-05-12,0.542289855072464
2021-05-13,0.552778985507246
2021-05-14,0.578307971014493
2021-05-15,0.560463768115942
2021-05-16,0.562557971014493
2021-05-17,0.585380434782609
2021-05-18,0.588945652173913
2021-05-19,0.573065217391304
2021-05-20,0.588036231884058
2021-05-21,0.567307971014493
2021-05-22,0.570394927536232
2021-05-23,0.557260869565217
2021-05-24,0.55711231884058
2021-05-25,0.56479347826087
2021-05-26,0.556985507246377
2021-05-27,0.558242753623188
2021-05-28,0.556365942028985
2021-05-29,0.50445652173913
2021-05-30,0.469391304347826
2021-05-31,0.506597826086956
2021-06-01,0.494855072463768
2021-06-02,0.499231884057971
2021-06-03,0.49131884057971
2021-06-04,0.523036231884058
2021-06-05,0.534423913043478
2021-06-06,0.518652173913044
2021-06-07,0.527815217391304
2021-06-08,0.534557971014493
2021-06-09,0.537858695652174
2021-06-10,0.534731884057971
2021-06-11,0.54254347826087
2021-06-12,0.515195652173913
2021-06-13,0.491123188405797
2021-06-14,0.497811594202898
2021-06-15,0.466601449275362
2021-06-16,0.471144927536232
2021-06-17,0.483170289855072
2021-06-18,0.508811594202899
2021-06-19,0.497876811594203
2021-06-20,0.499300724637681
2021-06-21,0.531065217391304
2021-06-22,0.526134057971015
2021-06-23,0.528018115942029
2021-06-24,0.54661231884058
2021-06-25,0.543329710144928
2021-06-26,0.528768115942029
2021-06-27,0.507927536231884
2021-06-28,0.525539855072464
2021-06-29,0.511692028985507
2021-06-30,0.515047101449275
2021-07-01,0.51870652173913
2021-07-02,0.515159420289855
2021-07-03,0.506778985507246
2021-07-04,0.493905797101449
2021-07-05,0.48154347826087
2021-07-06,0.457
2021-07-07,0.497221014492754
2021-07-08,0.500644927536232
2021-07-09,0.496822463768116
2021-07-10,0.480670289855072
2021-07-11,0.467807971014493
2021-07-12,0.484123188405797
2021-07-13,0.490576086956522
2021-07-14,0.475083333333333
2021-07-15,0.484579710144928
2021-07-16,0.476659420289855
2021-07-17,0.454655797101449
2021-07-18,0.45456884057971
2021-07-19,0.468297101449275
2021-07-20,0.449384057971014
2021-07-21,0.454003623188406
2021-07-22,0.456257246376812
2021-07-23,0.469239130434783
2021-07-24,0.452695652173913
2021-07-25,0.439471014492754
2021-07-26,0.454630434782609
2021-07-27,0.451344202898551
2021-07-28,0.441721014492754
2021-07-29,0.412528985507246
2021-07-30,0.405268115942029
2021-07-31,0.403590579710145
2021-08-01,0.401126811594203
2021-08-02,0.382586956521739
2021-08-03,0.38768115942029
2021-08-04,0.414811594202899
2021-08-05,0.430405797101449
2021-08-06,0.399340579710145
2021-08-07,0.411246376811594
2021-08-08,0.41081884057971
2021-08-09,0.418307971014493
2021-08-10,0.425692028985507
2021-08-11,0.42213768115942
2021-08-12,0.427634057971015
2021-08-13,0.421844202898551
2021-08-14,0.399391304347826
2021-08-15,0.34943115942029
2021-08-16,0.343981884057971
2021-08-17,0.351670289855072
2021-08-18,0.344536231884058
2021-08-19,0.341050724637681
2021-08-20,0.34638768115942
2021-08-21,0.286134057971014
2021-08-22,0.260855072463768
2021-08-23,0.31381884057971
2021-08-24,0.29995652173913
2021-08-25,0.289021739130435
2021-08-26,0.295949275362319
2021-08-27,0.305666666666667
2021-08-28,0.256394927536232
2021-08-29,0.232601449275362
2021-08-30,0.285184782608696
2021-08-31,0.288688405797101
2021-09-01,0.282163043478261
2021-09-02,0.289811594202899
2021-09-03,0.279539855072464
2021-09-04,0.244467391304348
2021-09-05,0.226561594202899
2021-09-06,0.255413043478261
2021-09-07,0.257876811594203
2021-09-08,0.248405797101449
2021-09-09,0.245963768115942
2021-09-10,0.279188405797101
2021-09-11,0.239605072463768
2021-09-12,0.215300724637681
2021-09-13,0.252797101449275
2021-09-14,0.268496376811594
2021-09-15,0.27325
2021-09-16,0.3005
2021-09-17,0.324202898550725
2021-09-18,0.307163043478261
2021-09-19,0.279434782608696
2021-09-20,0.312789855072464
2021-09-21,0.305608695652174
2021-09-22,0.300452898550725
2021-09-23,0.276413043478261
2021-09-24,0.262916666666667
2021-09-25,0.235420289855072
2021-09-26,0.248608695652174
2021-09-27,0.249561594202899
2021-09-28,0.241402173913043
2021-09-29,0.224438405797101
2021-09-30,0.217
2021-10-01,0.199586956521739
2021-10-02,0.192782608695652
2021-10-03,0.214528985507246
2021-10-04,0.348358695652174
2021-10-05,0.365047101449275
2021-10-06,0.36386231884058
2021-10-07,0.359521739130435
2021-10-08,0.296141304347826
2021-10-09,0.240702898550725
2021-10-10,0.209503623188406
2021-10-11,0.209115942028986
2021-10-12,0.19968115942029
2021-10-13,0.205134057971014
2021-10-14,0.192101449275362
2021-10-15,0.19206884057971
2021-10-16,0.19613768115942
2021-10-17,0.181626811594203
2021-10-18,0.207786231884058
2021-10-19,0.191340579710145
2021-10-20,0.177800724637681
2021-10-21,0.179851449275362
2021-10-22,0.213891304347826
2021-10-23,0.203742753623188
2021-10-24,0.166858695652174
2021-10-25,0.177880434782609
2021-10-26,0.179557971014493
2021-10-27,0.175108695652174
2021-10-28,0.176333333333333
2021-10-29,0.171452898550725
2021-10-30,0.196347826086957
2021-10-31,0.202489130434783
2021-11-01,0.26975
2021-11-02,0.342079710144927
2021-11-03,0.350228260869565
2021-11-04,0.342315217391304
2021-11-05,0.325079710144928
2021-11-06,0.284579710144928
2021-11-07,0.244898550724638
2021-11-08,0.298952898550725
2021-11-09,0.266753623188406
2021-11-10,0.285789855072464
2021-11-11,0.255916666666667
2021-11-12,0.23161231884058
2021-11-13,0.203398550724638
2021-11-14,0.191518115942029
2021-11-15,0.269601449275362
2021-11-16,0.310579710144928
2021-11-17,0.273369565217391
2021-11-18,0.268728260869565
2021-11-19,0.246876811594203
2021-11-20,0.202518115942029
2021-11-21,0.187742753623188
2021-11-22,0.202130434782609
2021-11-23,0.228710144927536
2021-11-24,0.260840579710145
2021-11-25,0.279260869565217
2021-11-26,0.263876811594203
2021-11-27,0.20168115942029
2021-11-28,0.19986231884058
2021-11-29,0.29636231884058
2021-11-30,0.271101449275362
2021-12-01,0.250105072463768
2021-12-02,0.288340579710145
2021-12-03,0.331539855072464
2021-12-04,0.34975
2021-12-05,0.410463768115942
2021-12-06,0.444271739130435
2021-12-07,0.438836956521739
2021-12-08,0.453927536231884
2021-12-09,0.483905797101449
2021-12-10,0.47079347826087
2021-12-11,0.438217391304348
2021-12-12,0.401666666666667
2021-12-13,0.43156884057971
2021-12-14,0.478268115942029
2021-12-15,0.454623188405797
2021-12-16,0.438764492753623
2021-12-17,0.406492753623188
2021-12-18,0.344884057971014
2021-12-19,0.313811594202899
2021-12-20,0.361952898550725
2021-12-21,0.403880434782609
2021-12-22,0.400159420289855
2021-12-23,0.333260869565217
2021-12-24,0.29
2021-12-25,0.264920289855072
2021-12-26,0.307590579710145
2021-12-27,0.419420289855072
2021-12-28,0.498753623188406
2021-12-29,0.534561594202899
2021-12-30,0.517855072463768
2021-12-31,0.526840579710145
2022-01-01,0.488211931722156
2022-01-02,0.476247817024393
2022-01-03,0.489025266182187
2022-01-04,0.494377077347755
2022-01-05,0.517664497774773
2022-01-06,0.52136851444989
2022-01-07,0.513023914145682
2022-01-08,0.47863148555011
2022-01-09,0.480099712692243
2022-01-10,0.537402822376204
2022-01-11,0.51652723790209
2022-01-12,0.52462537321841
2022-01-13,0.521674835220551
2022-01-14,0.517330009576925
2022-01-15,0.474997887442961
2022-01-16,0.416937778153343
2022-01-17,0.474057799560588
2022-01-18,0.451164723114191
2022-01-19,0.431838347135373
2022-01-20,0.412930961635964
2022-01-21,0.391689200608416
2022-01-22,0.318809503689933
2022-01-23,0.277885752915329
2022-01-24,0.376235845867838
2022-01-25,0.433105881358797
2022-01-26,0.407389020336882
2022-01-27,0.38736902146358
2022-01-28,0.372398033913582
2022-01-29,0.283353754718044
2022-01-30,0.237328178694158
2022-01-31,0.293053912455636
2022-02-01,0.293342628584305
2022-02-02,0.308785420539688
2022-02-03,0.351261900737987
2022-02-04,0.352610416314574
2022-02-05,0.302194242577883
2022-02-06,0.257140442791955
2022-02-07,0.349314827333671
2022-02-08,0.376373162075376
2022-02-09,0.381274294405949
2022-02-10,0.383147428313898
2022-02-11,0.407832657315081
2022-02-12,0.357796743845417
2022-02-13,0.287783082643231
2022-02-14,0.355356740465326
2022-02-15,0.423557123542336
2022-02-16,0.398350797138189
2022-02-17,0.451752718156724
2022-02-18,0.479420173511351
2022-02-19,0.462540842769421
2022-02-20,0.422722663511915
2022-02-21,0.456344008788237
2022-02-22,0.478054053292772
2022-02-23,0.485106472874768
2022-02-24,0.451404146245282
2022-02-25,0.473600078868796
2022-02-26,0.42394442566616
2022-02-27,0.329530730663061
2022-02-28,0.387661258520647
2022-03-01,0.421807222128331
2022-03-02,0.417768717255366
2022-03-03,0.432436904963101
2022-03-04,0.404449045124218
2022-03-05,0.376566813137288
2022-03-06,0.325499267646893
2022-03-07,0.383298828235029
2022-03-08,0.364852684355811
2022-03-09,0.335738127429441
2022-03-10,0.312809841699059
2022-03-11,0.28157920680525
2022-03-12,0.252609007943214
2022-03-13,0.251644273562053
2022-03-14,0.325048588811898
2022-03-15,0.363025322517041
2022-03-16,0.374697200157738
2022-03-17,0.349688045743902
2022-03-18,0.348269111599347
2022-03-19,0.306577798433891
2022-03-20,0.277646329784237
2022-03-21,0.31577798433891
2022-03-22,0.310683200946426
2022-03-23,0.300588699228212
2022-03-24,0.299000760520534
2022-03-25,0.298578249112726
2022-03-26,0.24850360543068
2022-03-27,0.225180975719678
2022-03-28,0.277142837023266
2022-03-29,0.284473409948735
2022-03-30,0.326587234521999
2022-03-31,0.339294265111825
2022-04-01,0.371373443749648
2022-04-02,0.329826488648527
2022-04-03,0.304014562559856
2022-04-04,0.411198664863951
2022-04-05,0.362490141400484
2022-04-06,0.352240718832742
2022-04-07,0.38763309109346
2022-04-08,0.49077868852459
2022-04-09,0.500007041856797
2022-04-10,0.454583544589037
2022-04-11,0.458910765590671
2022-04-12,0.46949819728466
2022-04-13,0.469924229620866
2022-04-14,0.452125936566954
2022-04-15,0.444136950030984
2022-04-16,0.413575291532871
2022-04-17,0.385809250183088
2022-04-18,0.380703904005408
2022-04-19,0.409040335755732
2022-04-20,0.41621950876007
2022-04-21,0.427637879556081
2022-04-22,0.412955608134753
2022-04-23,0.384467776463298
2022-04-24,0.371144583403752
2022-04-25,0.45453425159146
2022-04-26,0.48558531913695
2022-04-27,0.465533631908062
2022-04-28,0.463090107599572
2022-04-29,0.466871584699454
2022-04-30,0.413934426229508
2022-05-01,0.382115796293167
2022-05-02,0.399607768576418
2022-05-03,0.417113824573263
2022-05-04,0.428637823221227
2022-05-05,0.446133316432877
2022-05-06,0.465699115542786
2022-05-07,0.399579601149231
2022-05-08,0.359937468311644
2022-05-09,0.396467100445045
2022-05-10,0.393780632077066
2022-05-11,0.398974001464706
2022-05-12,0.417839135823334
2022-05-13,0.439087938707678
2022-05-14,0.42993000394344
2022-05-15,0.404459607909414
2022-05-16,0.434186806377106
2022-05-17,0.463875274632415
2022-05-18,0.434563545715734
2022-05-19,0.435412089459749
2022-05-20,0.442700411244437
2022-05-21,0.422701537941524
2022-05-22,0.419546786096558
2022-05-23,0.459224128218129
2022-05-24,0.458685426173173
2022-05-25,0.456583431919328
2022-05-26,0.38961185285336
2022-05-27,0.379193425722494
2022-05-28,0.344744662272548
2022-05-29,0.315950509830432
2022-05-30,0.368098980339136
2022-05-31,0.382260154357501
2022-06-01,0.355483493887668
2022-06-02,0.362190862486621
2022-06-03,0.364933665708974
2022-06-04,0.339825925299983
2022-06-05,0.333615007605205
2022-06-06,0.326819615796293
2022-06-07,0.359796631175708
2022-06-08,0.356613711903555
2022-06-09,0.348969776350628
2022-06-10,0.328527266069517
2022-06-11,0.304236381048955
2022-06-12,0.275963326009802
2022-06-13,0.311338093628528
2022-06-14,0.30644752408315
2022-06-15,0.311123316996226
2022-06-16,0.33080882767168
2022-06-17,0.323312771111487
2022-06-18,0.277649850712636
2022-06-19,0.250454199763394
2022-06-20,0.280980648977522
2022-06-21,0.303891330065912
2022-06-22,0.333259393836967
2022-06-23,0.342956030646161
2022-06-24,0.348385302236494
2022-06-25,0.337480986986649
2022-06-26,0.298155737704918
2022-06-27,0.341019520027041
2022-06-28,0.335114923102924
2022-06-29,0.319953805419413
2022-06-30,0.318041941299082
2022-07-01,0.344931271477663
2022-07-02,0.304148357838995
2022-07-03,0.260129711002197
2022-07-04,0.316309644527069
2022-07-05,0.298190946988902
2022-07-06,0.293240521660752
2022-07-07,0.286371190355473
2022-07-08,0.265858261506394
2022-07-09,0.221364289335812
2022-07-10,0.201513295025632
2022-07-11,0.215677989972396
2022-07-12,0.230184214973804
2022-07-13,0.253901188665427
2022-07-14,0.237838713311926
2022-07-15,0.243461635964171
2022-07-16,0.216033603740634
2022-07-17,0.197203678665991
2022-07-18,0.246464987888006
2022-07-19,0.253035040279421
2022-07-20,0.253351923835277
2022-07-21,0.247672666328658
2022-07-22,0.257626330910935
2022-07-23,0.237585206467241
2022-07-24,0.21934327643513
2022-07-25,0.236088811897921
2022-07-26,0.227360430398287
2022-07-27,0.229497633936116
2022-07-28,0.228096304433553
2022-07-29,0.226159793814433
2022-07-30,0.213174609881133
2022-07-31,0.196865669539744
2022-08-01,0.208960058588249
2022-08-02,0.215389273843727
2022-08-03,0.205069432708016
2022-08-04,0.227360430398287
2022-08-05,0.20343220100276
2022-08-06,0.199717621542448
2022-08-07,0.172064249901414
2022-08-08,0.176947777589995
2022-08-09,0.172810686721875
2022-08-10,0.178507548870486
2022-08-11,0.176363303475861
2022-08-12,0.166972987437327
2022-08-13,0.160733902315363
2022-08-14,0.154103994141175
2022-08-15,0.16430412371134
2022-08-16,0.186489493549659
2022-08-17,0.183447411413441
2022-08-18,0.204548335305053
2022-08-19,0.231511604980001
2022-08-20,0.243035603627965
2022-08-21,0.199766914540026
2022-08-22,0.207843924285956
2022-08-23,0.205375753478677
2022-08-24,0.198009971269224
2022-08-25,0.185890935721931
2022-08-26,0.189373133907949
2022-08-27,0.168532758717819
2022-08-28,0.147900118303194
2022-08-29,0.159251591459636
2022-08-30,0.17764140048448
2022-08-31,0.177676609768464
2022-09-01,0.186285279702552
2022-09-02,0.178912455636302
2022-09-03,0.163399245112951
2022-09-04,0.146579770153794
2022-09-05,0.162043687679567
2022-09-06,0.185556447524083
2022-09-07,0.207389724522562
2022-09-08,0.231870739676638
2022-09-09,0.208886119091882
2022-09-10,0.177349163427413
2022-09-11,0.164652695622782
2022-09-12,0.176268238409104
2022-09-13,0.174226099938032
2022-09-14,0.190439975212664
2022-09-15,0.213519660864177
2022-09-16,0.211826094304546
2022-09-17,0.178194186243029
2022-09-18,0.162047208607966
2022-09-19,0.173895132668582
2022-09-20,0.165511802151991
2022-09-21,0.157734071319926
2022-09-22,0.150371810038871
2022-09-23,0.159621288941468
2022-09-24,0.163680919384823
2022-09-25,0.161360627570278
2022-09-26,0.164177370288998
2022-09-27,0.183827671680469
2022-09-28,0.261492310292378
2022-09-29,0.313316855388429
2022-09-30,0.331836938764013
2022-10-01,0.297740268153907
2022-10-02,0.320464340037181
2022-10-03,0.332484789589319
2022-10-04,0.301377387189454
2022-10-05,0.274389471015717
2022-10-06,0.267470846712861
2022-10-07,0.264618894710157
2022-10-08,0.215160413497831
2022-10-09,0.18563038702045
2022-10-10,0.194200326742155
2022-10-11,0.194087657033407
2022-10-12,0.195478423750775
2022-10-13,0.192732099600023
2022-10-14,0.192524364824517
2022-10-15,0.173645146752296
2022-10-16,0.156132048898654
2022-10-17,0.176497098755
2022-10-18,0.181845388992169
2022-10-19,0.189573826826658
2022-10-20,0.204122302968847
2022-10-21,0.24771139654104
2022-10-22,0.286589487916174
2022-10-23,0.221561461326122
2022-10-24,0.284836065573771
2022-10-25,0.319404540589263
2022-10-26,0.29984578333615
2022-10-27,0.269259478339248
2022-10-28,0.253098416990592
2022-10-29,0.216734268491916
2022-10-30,0.184183285448707
2022-10-31,0.212642949692975
2022-11-01,0.248408540363923
2022-11-02,0.267939130189848
2022-11-03,0.262583798095882
2022-11-04,0.296733282631964
2022-11-05,0.285702213959777
2022-11-06,0.248669089065405
2022-11-07,0.2766287814771
2022-11-08,0.271952988564025
2022-11-09,0.300514759731846
2022-11-10,0.367701115430117
2022-11-11,0.317763787955608
2022-11-12,0.295842487747169
2022-11-13,0.251552729423694
2022-11-14,0.29476156272886
2022-11-15,0.281917215931497
2022-11-16,0.309940285054363
2022-11-17,0.289406230634894
2022-11-18,0.325562644358064
2022-11-19,0.328118838375303
2022-11-20,0.292860261393724
2022-11-21,0.340311813418962
2022-11-22,0.354761703565996
2022-11-23,0.368584868458115
2022-11-24,0.375471804405386
2022-11-25,0.371538927384373
2022-11-26,0.328379387076784
2022-11-27,0.271403723733874
2022-11-28,0.313584445946707
2022-11-29,0.335354346234015
2022-11-30,0.352423807109459
2022-12-01,0.337019745366458
2022-12-02,0.344505239141457
2022-12-03,0.259900850656301
2022-12-04,0.234398766266689
2022-12-05,0.312084530448989
2022-12-06,0.337554926483015
2022-12-07,0.315693482057349
2022-12-08,0.305613064052729
2022-12-09,0.352652667455355
2022-12-10,0.307412258464312
2022-12-11,0.27522041011774
2022-12-12,0.38692890541378
2022-12-13,0.41287462678159
2022-12-14,0.406526392879274
2022-12-15,0.421828347698721
2022-12-16,0.495609402287195
2022-12-17,0.426500619683398
2022-12-18,0.373940200552082
2022-12-19,0.323619091882147
2022-12-20,0.321161483860064
2022-12-21,0.345012252830826
2022-12-22,0.355096191763844
2022-12-23,0.411969748183201
2022-12-24,0.457653794152442
2022-12-25,0.43959143146865
2022-12-26,0.436408512196496
2022-12-27,0.458815700523914
2022-12-28,0.445657991099093
2022-12-29,0.426863275308433
2022-12-30,0.450052109740296
2022-12-31,0.435105768689088
2023-01-01,0.41507054296708
2023-01-02,0.442062134815448
2023-01-03,0.471608237138378
2023-01-04,0.404752743337609
2023-01-05,0.416723671084509
2023-01-06,0.425591420835115
2023-01-07,0.364436368818583
2023-01-08,0.36064201225595
2023-01-09,0.460463873450192
2023-01-10,0.50455322787516
2023-01-11,0.485535128972495
2023-01-12,0.470371953826422
2023-01-13,0.483693173720963
2023-01-14,0.446194955109021
2023-01-15,0.414311671654553
2023-01-16,0.480764571754311
2023-01-17,0.507460453185122
2023-01-18,0.506195667664244
2023-01-19,0.536497078523586
2023-01-20,0.533675359840388
2023-01-21,0.436985178851361
2023-01-22,0.425206641014679
2023-01-23,0.489639447057147
2023-01-24,0.486087359270343
2023-01-25,0.48840316374519
2023-01-26,0.457984181274049
2023-01-27,0.446266210631324
2023-01-28,0.366805614935158
2023-01-29,0.298428815733219
2023-01-30,0.36363830696879
2023-01-31,0.369655835827277
2023-02-01,0.326417984893829
2023-02-02,0.300067692746188
2023-02-03,0.273022659256092
2023-02-04,0.241574034487673
2023-02-05,0.207955679065128
2023-02-06,0.315156049593844
2023-02-07,0.364051588998147
2023-02-08,0.357143366110874
2023-02-09,0.365216616787801
2023-02-10,0.333817870884994
2023-02-11,0.257157617215334
2023-02-12,0.218804332335756
2023-02-13,0.279738492233148
2023-02-14,0.279695738919766
2023-02-15,0.263178708849936
2023-02-16,0.245518027647143
2023-02-17,0.230846515604959
2023-02-18,0.185738207211059
2023-02-19,0.178993872025082
2023-02-20,0.227379934444919
2023-02-21,0.25345945560781
2023-02-22,0.255404731366681
2023-02-23,0.275580732506769
2023-02-24,0.2670977625766
2023-02-25,0.234395040615648
2023-02-26,0.212487530283597
2023-02-27,0.24067265213054
2023-02-28,0.255946273336184
2023-03-01,0.238353284879578
2023-03-02,0.259954396465726
2023-03-03,0.264072965654838
2023-03-04,0.21411571896822
2023-03-05,0.215619210488813
2023-03-06,0.265017101325353
2023-03-07,0.247292290152487
2023-03-08,0.268259227590138
2023-03-09,0.296551232720536
2023-03-10,0.352226735071968
2023-03-11,0.435029214764144
2023-03-12,0.472302978480832
2023-03-13,0.467853071113011
2023-03-14,0.484957959241841
2023-03-15,0.489949408579165
2023-03-16,0.485909220464586
2023-03-17,0.483454467721248
2023-03-18,0.462573036910361
2023-03-19,0.448418127404874
2023-03-20,0.435417557360695
2023-03-21,0.395432521020379
2023-03-22,0.371911073108166
2023-03-23,0.350263645432521
2023-03-24,0.356562633604104
2023-03-25,0.376770699729229
2023-03-26,0.387282670656976
2023-03-27,0.419691463588428
2023-03-28,0.42428031922474
2023-03-29,0.426150776685193
2023-03-30,0.381990166737922
2023-03-31,0.39317015818726
2023-04-01,0.388574176998717
2023-04-02,0.411212056434374
2023-04-03,0.437744050163888
2023-04-04,0.435007838107453
2023-04-05,0.438296280461736
2023-04-06,0.413189397178281
2023-04-07,0.378359697876585
2023-04-08,0.366990879293145
2023-04-09,0.331594698589141
2023-04-10,0.301770699729229
2023-04-11,0.327686333190822
2023-04-12,0.333443779392903
2023-04-13,0.350926321789939
2023-04-14,0.387886561208494
2023-04-15,0.377618640444634
2023-04-16,0.397530996152202
2023-04-17,0.41626763574177
2023-04-18,0.396722245974063
2023-04-19,0.396348154481972
2023-04-20,0.387483967507482
2023-04-21,0.398079663673935
2023-04-22,0.390619210488813
2023-04-23,0.383914065840103
2023-04-24,0.431106598261365
2023-04-25,0.430885706142226
2023-04-26,0.436137238135956
2023-04-27,0.411874732791791
2023-04-28,0.412972067835257
2023-04-29,0.446440786660966
2023-04-30,0.462622915775973
2023-05-01,0.440918483682485
2023-05-02,0.463075388342597
2023-05-03,0.444958671797064
2023-05-04,0.428676784950834
2023-05-05,0.443187972067835
2023-05-06,0.418163032635029
2023-05-07,0.404129257517458
2023-05-08,0.434106455750321
2023-05-09,0.453455892831694
2023-05-10,0.484199087929314
2023-05-11,0.512850933447342
2023-05-12,0.494181986603962
2023-05-13,0.472053584152772
2023-05-14,0.470407581587573
2023-05-15,0.48564201225595
2023-05-16,0.476624625908508
2023-05-17,0.460381929599544
2023-05-18,0.414297420550093
2023-05-19,0.43479763431666
2023-05-20,0.398045817300841
2023-05-21,0.382385634886704
2023-05-22,0.448756591135813
2023-05-23,0.440177426250534
2023-05-24,0.476271911073108
2023-05-25,0.486254809747755
2023-05-26,0.482342881573322
2023-05-27,0.453666096622488
2023-05-28,0.423403876300413
2023-05-29,0.408344021661679
2023-05-30,0.468234288157332
2023-05-31,0.449362263075388
2023-06-01,0.43624412141941
2023-06-02,0.456794214051589
2023-06-03,0.442283026934587
2023-06-04,0.425078381074533
2023-06-05,0.441851931024654
2023-06-06,0.434345161750036
2023-06-07,0.45228373948981
2023-06-08,0.428552087786803
2023-06-09,0.440644149921619
2023-06-10,0.421707994869602
2023-06-11,0.410909220464586
2023-06-12,0.441602536696594
2023-06-13,0.456826279036625
2023-06-14,0.48085364115719
2023-06-15,0.473938292717686
2023-06-16,0.455711130112584
2023-06-17,0.430557930739632
2023-06-18,0.412106313239276
2023-06-19,0.43086076670942
2023-06-20,0.434006698019096
2023-06-21,0.456241983753741
2023-06-22,0.461090922046459
2023-06-23,0.4784808322645
2023-06-24,0.463310531566196
2023-06-25,0.418914778395326
2023-06-26,0.402697021519168
2023-06-27,0.371576172153342
2023-06-28,0.381028217186832
2023-06-29,0.381370243693886
2023-06-30,0.401336041043181
2023-07-01,0.385923471569047
2023-07-02,0.319463445917059
2023-07-03,0.347773264928032
2023-07-04,0.358048311244121
2023-07-05,0.333176571184267
2023-07-06,0.326966652415562
2023-07-07,0.314065840102608
2023-07-08,0.277835969787659
2023-07-09,0.265237993444492
2023-07-10,0.299077240986176
2023-07-11,0.297630753883426
2023-07-12,0.295033490095482
2023-07-13,0.326382357132678
2023-07-14,0.320656975915633
2023-07-15,0.274953683910503
2023-07-16,0.242478979620921
2023-07-17,0.28445917058572
2023-07-18,0.30563274903805
2023-07-19,0.294402878723101
2023-07-20,0.292484323785093
2023-07-21,0.295229442781816
2023-07-22,0.284402166167878
2023-07-23,0.233016246259085
2023-07-24,0.278163745190252
2023-07-25,0.304339461308251
2023-07-26,0.312922188969645
2023-07-27,0.296818440929172
2023-07-28,0.296091634601682
2023-07-29,0.251460738207211
2023-07-30,0.247242411286875
2023-07-31,0.258807182556648
2023-08-01,0.253979620920621
2023-08-02,0.244598831409434
2023-08-03,0.264543252102038
2023-08-04,0.283971070257945
2023-08-05,0.260093344734217
2023-08-06,0.234273906227733
2023-08-07,0.254816873307681
2023-08-08,0.251806327490381
2023-08-09,0.260068405301411
2023-08-10,0.267571611799915
2023-08-11,0.245008550662676
2023-08-12,0.228787231010403
2023-08-13,0.212181131537694
2023-08-14,0.240989739204788
2023-08-15,0.247021519167735
2023-08-16,0.266652415562206
2023-08-17,0.262405586432949
2023-08-18,0.252647142653556
2023-08-19,0.226820578594841
2023-08-20,0.216132250249394
2023-08-21,0.242617927889411
2023-08-22,0.253085364115719
2023-08-23,0.244360125409719
2023-08-24,0.240020664101468
2023-08-25,0.252251674504774
2023-08-26,0.267813880575745
2023-08-27,0.278081801339604
2023-08-28,0.324419267493231
2023-08-29,0.340544392190395
2023-08-30,0.328434516175004
2023-08-31,0.312373521447912
2023-09-01,0.301271911073108
2023-09-02,0.279820436083796
2023-09-03,0.251100897819581
2023-09-04,0.249996437223885
2023-09-05,0.26531281174291
2023-09-06,0.250897819581018
2023-09-07,0.220856491378082
2023-09-08,0.222759013823571
2023-09-09,0.218690323500071
2023-09-10,0.21051731509192
2023-09-11,0.231494940857916
2023-09-12,0.226841955251532
2023-09-13,0.218850648425253
2023-09-14,0.21866182129115
2023-09-15,0.239290294997862
2023-09-16,0.237284452045033
2023-09-17,0.223393187972068
2023-09-18,0.269641584722816
2023-09-19,0.269541826991592
2023-09-20,0.252697021519168
2023-09-21,0.263485107595839
2023-09-22,0.297445489525438
2023-09-23,0.297887273763717
2023-09-24,0.233518597691321
2023-09-25,0.236240558643295
2023-09-26,0.22475773122417
2023-09-27,0.22572680632749
2023-09-28,0.212929314521875
2023-09-29,0.213577739774833
2023-09-30,0.206719395753171
2023-10-01,0.190825851503492
2023-10-02,0.199572466866182
2023-10-03,0.178014108593416
2023-10-04,0.198264928031922
2023-10-05,0.182467578737352
2023-10-06,0.185153911928174
2023-10-07,0.172288727376372
2023-10-08,0.179168448054724
2023-10-09,0.187776115148924
2023-10-10,0.18804332335756
2023-10-11,0.179129257517458
2023-10-12,0.179389340173863
2023-10-13,0.177515319937295
2023-10-14,0.163827134102893
2023-10-15,0.164215476699444
2023-10-16,0.165604959384352
2023-10-17,0.166983753740915
2023-10-18,0.157207496080946
2023-10-19,0.205158899814736
2023-10-20,0.267678495083369
2023-10-21,0.304282456890409
2023-10-22,0.267674932307254
2023-10-23,0.270129685050591
2023-10-24,0.331755023514322
2023-10-25,0.369449194812598
2023-10-26,0.388898389625196
2023-10-27,0.407592275901382
2023-10-28,0.402198232863047
2023-10-29,0.388346159327348
2023-10-30,0.41029642297278
2023-10-31,0.427882285877155
2023-11-01,0.424796921761437
2023-11-02,0.422288727376372
2023-11-03,0.457959241841243
2023-11-04,0.457991306826279
2023-11-05,0.454802622203221
2023-11-06,0.465170300698304
2023-11-07,0.478135242981331
2023-11-08,0.470379079378652
2023-11-09,0.475363403163745
2023-11-10,0.488812882998432
2023-11-11,0.495557218184409
2023-11-12,0.503402451189967
2023-11-13,0.487597976343167
2023-11-14,0.470386204930882
2023-11-15,0.440551517742625
2023-11-16,0.436258372523871
2023-11-17,0.466513467293715
2023-11-18,0.453267065697592
2023-11-19,0.429314521875445
2023-11-20,0.453997434801197
2023-11-21,0.47177568761579
2023-11-22,0.481812027932165
2023-11-23,0.453940430383355
2023-11-24,0.44390409006698
2023-11-25,0.450224454895254
2023-11-26,0.471704432093487
2023-11-27,0.467674932307254
2023-11-28,0.470710417557361
2023-11-29,0.486098047598689
2023-11-30,0.51556220607097
2023-12-01,0.508678922616503
2023-12-02,0.488559925894257
2023-12-03,0.474593843522873
2023-12-04,0.474679350149637
2023-12-05,0.469894541826992
2023-12-06,0.499059427105601
2023-12-07,0.509580304973635
2023-12-08,0.534256092347157
2023-12-09,0.507029357275189
2023-12-10,0.486917486105173
2023-12-11,0.504008123129543
2023-12-12,0.50573606954539
2023-12-13,0.495026364543252
2023-12-14,0.519520450334901
2023-12-15,0.538951831266923
2023-12-16,0.51817015818726
2023-12-17,0.494189112156192
2023-12-18,0.526236283311957
2023-12-19,0.533892689183412
2023-12-20,0.527775402593701
2023-12-21,0.505661251246972
2023-12-22,0.495489525438221
2023-12-23,0.491534843950406
2023-12-24,0.458639732079236
2023-12-25,0.453687473279179
2023-12-26,0.472114151346729
2023-12-27,0.504015248681773
2023-12-28,0.477661393758016
2023-12-29,0.463798631893972
2023-12-30,0.465002850220892
2023-12-31,0.434220464586005
