Date,TA_mean
2015-01-01,273.07513055555546
2015-01-02,276.43680015873025
2015-01-03,279.9284470833333
2015-01-04,279.27755172619044
2015-01-05,275.2796899404763
2015-01-06,274.9090701388889
2015-01-07,276.6578403174602
2015-01-08,279.9266593849206
2015-01-09,282.5525029166666
2015-01-10,284.0548732142858
2015-01-11,279.1655921825396
2015-01-12,278.75900013888884
2015-01-13,280.98554027777783
2015-01-14,279.94626027777775
2015-01-15,281.1551234920635
2015-01-16,278.7391932341269
2015-01-17,275.7279438492064
2015-01-18,274.735490734127
2015-01-19,274.7067818055556
2015-01-20,273.6752751587302
2015-01-21,274.22624728174605
2015-01-22,273.9183887896825
2015-01-23,273.317928452381
2015-01-24,274.4045190277778
2015-01-25,274.8154300992063
2015-01-26,276.78948353174604
2015-01-27,277.06647148809526
2015-01-28,277.8878488690476
2015-01-29,277.82138251984134
2015-01-30,275.7635320833334
2015-01-31,275.2008790277779
2015-02-01,275.01369085317464
2015-02-02,274.0321957341269
2015-02-03,272.4889705753967
2015-02-04,272.99886761904764
2015-02-05,272.5946580952379
2015-02-06,272.27121553571425
2015-02-07,273.05881371031745
2015-02-08,275.07589821428564
2015-02-09,274.72063930555566
2015-02-10,275.542261547619
2015-02-11,275.65018281746023
2015-02-12,276.1594832539683
2015-02-13,278.75681333333324
2015-02-14,279.0162945634921
2015-02-15,277.8305829761904
2015-02-16,276.68126442460317
2015-02-17,277.375920376984
2015-02-18,276.04839569444454
2015-02-19,276.28806630952374
2015-02-20,278.9699238095237
2015-02-21,276.86762892857126
2015-02-22,275.9566415079366
2015-02-23,278.77413240079375
2015-02-24,277.71222819444444
2015-02-25,278.48872339285714
2015-02-26,280.34417057539696
2015-02-27,277.926751031746
2015-02-28,277.6278206944445
2015-03-01,282.1402859920635
2015-03-02,281.3223442857142
2015-03-03,279.7873005952381
2015-03-04,277.7588267460318
2015-03-05,277.3458360912699
2015-03-06,278.1859136507936
2015-03-07,279.9877072420634
2015-03-08,281.17151611111103
2015-03-09,281.2576410515873
2015-03-10,281.69935218253966
2015-03-11,282.3793716666666
2015-03-12,281.1680646825396
2015-03-13,279.40683533730163
2015-03-14,278.22782988095247
2015-03-15,278.0120401587302
2015-03-16,279.53563712301593
2015-03-17,281.73563291666665
2015-03-18,283.0433385912699
2015-03-19,281.21741146825383
2015-03-20,280.8983034523809
2015-03-21,280.0400838690476
2015-03-22,279.1615352777779
2015-03-23,280.10387335317455
2015-03-24,279.86115200396824
2015-03-25,278.166175218254
2015-03-26,278.85519595238094
2015-03-27,280.8433303373016
2015-03-28,282.63784998015865
2015-03-29,283.69463168650793
2015-03-30,284.0086701388889
2015-03-31,284.0908162698411
2015-04-01,280.66220630952375
2015-04-02,281.0331848809524
2015-04-03,281.42145988095245
2015-04-04,280.9874607142857
2015-04-05,279.1174029960316
2015-04-06,279.94467045634923
2015-04-07,281.4288221031747
2015-04-08,282.77526831349195
2015-04-09,284.9841317857142
2015-04-10,285.84110950396837
2015-04-11,284.5313908333334
2015-04-12,285.1813117857143
2015-04-13,286.69027275793655
2015-04-14,288.78117132936507
2015-04-15,289.7063259325397
2015-04-16,287.92797791666663
2015-04-17,285.7131875396825
2015-04-18,284.55996222222217
2015-04-19,283.5771045238095
2015-04-20,285.59569440476196
2015-04-21,287.0651412301587
2015-04-22,287.1562607738095
2015-04-23,286.24793248015857
2015-04-24,286.72812113095233
2015-04-25,286.9062551388889
2015-04-26,286.29859857142856
2015-04-27,283.970732420635
2015-04-28,281.7870482936507
2015-04-29,282.4991562698413
2015-04-30,283.61479374999993
2015-05-01,284.718069325397
2015-05-02,286.1969653174603
2015-05-03,288.8089252579365
2015-05-04,289.73077813492057
2015-05-05,288.80867105158734
2015-05-06,285.61626184523817
2015-05-07,285.50532251984123
2015-05-08,287.1075396825398
2015-05-09,288.0671772619048
2015-05-10,289.0167565674603
2015-05-11,291.3575317460317
2015-05-12,290.44890486111103
2015-05-13,290.0291762103175
2015-05-14,286.8753013690476
2015-05-15,283.8024254761905
2015-05-16,285.6931984325397
2015-05-17,286.93125694444456
2015-05-18,286.899832063492
2015-05-19,284.22465474206354
2015-05-20,282.7912411309524
2015-05-21,283.83201587301585
2015-05-22,285.7640922222222
2015-05-23,287.515925218254
2015-05-24,288.3627213492063
2015-05-25,287.6131249007937
2015-05-26,286.3017241468254
2015-05-27,287.04384543650787
2015-05-28,287.7895222420634
2015-05-29,287.59473206349213
2015-05-30,287.37000938492065
2015-05-31,288.42571404761895
2015-06-01,287.69170101190474
2015-06-02,290.7789406150793
2015-06-03,290.95550831349215
2015-06-04,293.5607531547619
2015-06-05,295.4221223214287
2015-06-06,291.5569863492064
2015-06-07,291.15129113095236
2015-06-08,290.3711525198414
2015-06-09,289.00971773809516
2015-06-10,289.75754484126986
2015-06-11,293.4871135119048
2015-06-12,291.8682296626984
2015-06-13,290.9669052777778
2015-06-14,290.11906339285713
2015-06-15,289.6420471230159
2015-06-16,289.28088749999995
2015-06-17,289.91137373015863
2015-06-18,290.13114033730153
2015-06-19,289.4824801388888
2015-06-20,289.5930191865079
2015-06-21,290.790560376984
2015-06-22,290.00603259920626
2015-06-23,288.5826334126984
2015-06-24,289.9889500396825
2015-06-25,292.597897559524
2015-06-26,294.2993208531748
2015-06-27,292.83201033730165
2015-06-28,293.5716051984126
2015-06-29,294.5934216468254
2015-06-30,297.7055118849206
2015-07-01,299.1858156746031
2015-07-02,297.3830447420634
2015-07-03,298.8577135912698
2015-07-04,298.5473179960318
2015-07-05,296.0155846428571
2015-07-06,296.10261950396824
2015-07-07,295.8663781547618
2015-07-08,291.33291609126985
2015-07-09,291.1231373412699
2015-07-10,293.8519870436508
2015-07-11,294.4023677182539
2015-07-12,292.7534097420636
2015-07-13,293.53177625
2015-07-14,293.88022438492067
2015-07-15,295.54918420634925
2015-07-16,298.2588927777777
2015-07-17,297.04666279761904
2015-07-18,295.23420396825395
2015-07-19,294.7357280357143
2015-07-20,295.58723815476196
2015-07-21,296.7532236507937
2015-07-22,294.9170166468254
2015-07-23,293.6018344246031
2015-07-24,294.1913079563493
2015-07-25,290.95484202380936
2015-07-26,289.5452848412698
2015-07-27,291.67339460317464
2015-07-28,290.06475494047606
2015-07-29,289.3223702976191
2015-07-30,288.8154658333333
2015-07-31,289.5587146428573
2015-08-01,290.92636702380946
2015-08-02,293.68731722222225
2015-08-03,296.69475162698416
2015-08-04,293.01102474206357
2015-08-05,295.13810650793647
2015-08-06,296.3033678769842
2015-08-07,296.3404819444445
2015-08-08,293.42968920634917
2015-08-09,292.15620710317467
2015-08-10,293.10070113095225
2015-08-11,294.92092351190473
2015-08-12,297.34246505952393
2015-08-13,294.7182992261905
2015-08-14,291.3126265873016
2015-08-15,289.2457350198412
2015-08-16,288.993556765873
2015-08-17,289.5257220436509
2015-08-18,289.42083906746024
2015-08-19,290.36884390873007
2015-08-20,291.6825559126985
2015-08-21,293.9703238095238
2015-08-22,294.77425581349206
2015-08-23,291.2245343055555
2015-08-24,289.67376644841266
2015-08-25,289.5585781944444
2015-08-26,293.25467515873015
2015-08-27,292.05757984126984
2015-08-28,292.73491198412694
2015-08-29,295.4416515674604
2015-08-30,296.892642063492
2015-08-31,295.0395704166668
2015-09-01,290.55387726190463
2015-09-02,288.51672043650785
2015-09-03,287.7528579960318
2015-09-04,286.9872242658729
2015-09-05,286.74712251984124
2015-09-06,286.33383730158727
2015-09-07,286.5688235714286
2015-09-08,287.7797094444445
2015-09-09,289.09586825396826
2015-09-10,289.1506395039682
2015-09-11,289.55508466269845
2015-09-12,289.77042517857143
2015-09-13,288.84720990079376
2015-09-14,287.790255297619
2015-09-15,287.48016779761906
2015-09-16,290.6615154761904
2015-09-17,288.0049079563492
2015-09-18,287.1291955952382
2015-09-19,287.0120624603174
2015-09-20,286.313231031746
2015-09-21,286.3519571031746
2015-09-22,286.01455992063484
2015-09-23,285.00473829365075
2015-09-24,285.9421052976191
2015-09-25,286.5528571031746
2015-09-26,286.11869349206364
2015-09-27,286.48266803571437
2015-09-28,286.24055500000003
2015-09-29,285.7252466269841
2015-09-30,285.7254011507936
2015-10-01,284.31048672619045
2015-10-02,284.9501805555557
2015-10-03,285.6586007142857
2015-10-04,285.19587785714293
2015-10-05,288.7175457738095
2015-10-06,289.27146668650795
2015-10-07,286.24498144841266
2015-10-08,284.9180485912698
2015-10-09,284.2513034920635
2015-10-10,284.5294974007938
2015-10-11,284.6462156746032
2015-10-12,283.8645003968254
2015-10-13,282.0894593650794
2015-10-14,279.24834390873013
2015-10-15,278.78090757936513
2015-10-16,279.5001346626985
2015-10-17,281.3738108333333
2015-10-18,282.26636490079346
2015-10-19,282.39983688492066
2015-10-20,282.2647904365078
2015-10-21,281.9722614087302
2015-10-22,283.63103251984126
2015-10-23,284.5797787301586
2015-10-24,284.81387103174615
2015-10-25,284.6382208134921
2015-10-26,284.9131419841271
2015-10-27,286.3034743055555
2015-10-28,284.3733464484126
2015-10-29,283.7997254761905
2015-10-30,284.46902371031746
2015-10-31,284.66610248015866
2015-11-01,284.0534928769841
2015-11-02,283.20844738095246
2015-11-03,284.7535968849206
2015-11-04,285.98137468253975
2015-11-05,285.98094777777777
2015-11-06,287.89182454365084
2015-11-07,288.5558897222222
2015-11-08,287.5362038492064
2015-11-09,286.75273626984136
2015-11-10,284.61260190476196
2015-11-11,283.54214632936515
2015-11-12,283.6178610119049
2015-11-13,283.65857204365074
2015-11-14,282.3851728968254
2015-11-15,284.07755750000007
2015-11-16,283.76082240079364
2015-11-17,285.65002710317475
2015-11-18,286.1674869444445
2015-11-19,286.3138643253967
2015-11-20,284.58787216269866
2015-11-21,278.2238337500001
2015-11-22,275.6106999007937
2015-11-23,274.5615298809524
2015-11-24,275.29880210317464
2015-11-25,279.62505313492073
2015-11-26,278.62042472222214
2015-11-27,276.5740637698413
2015-11-28,278.29957666666667
2015-11-29,281.7169495833333
2015-11-30,282.94071920634906
2015-12-01,282.5082423611111
2015-12-02,280.053851626984
2015-12-03,279.01971801587297
2015-12-04,280.640757718254
2015-12-05,279.0673457341269
2015-12-06,282.00020865079387
2015-12-07,282.274653829365
2015-12-08,281.62820095238084
2015-12-09,279.3812029761905
2015-12-10,276.42901404761903
2015-12-11,279.14594192460316
2015-12-12,280.1454301587301
2015-12-13,278.27078406746017
2015-12-14,278.72801908730156
2015-12-15,281.5190485515874
2015-12-16,283.82454422619054
2015-12-17,284.1312891468254
2015-12-18,283.4164548809523
2015-12-19,283.3048087896825
2015-12-20,283.6821558928571
2015-12-21,282.9960450793652
2015-12-22,282.93234678571434
2015-12-23,282.33769164682536
2015-12-24,282.7718918253968
2015-12-25,282.6511141269841
2015-12-26,281.7516446031747
2015-12-27,280.9730978373015
2015-12-28,281.291128452381
2015-12-29,281.02505825396827
2015-12-30,280.29664942460323
2015-12-31,280.927252142857
2016-01-01,279.3222795238095
2016-01-02,280.93690551587304
2016-01-03,279.31832202380946
2016-01-04,280.0109282142857
2016-01-05,279.3816680753969
2016-01-06,279.0391224007937
2016-01-07,280.4902349801589
2016-01-08,279.6733211309523
2016-01-09,281.0119970238095
2016-01-10,280.04364311507936
2016-01-11,280.04237341269834
2016-01-12,278.7346227777778
2016-01-13,276.9812909126983
2016-01-14,276.6325841071428
2016-01-15,275.0309190674604
2016-01-16,274.3370815873016
2016-01-17,273.7798700396827
2016-01-18,272.51920759920637
2016-01-19,273.99385345238096
2016-01-20,273.9080253571428
2016-01-21,273.70267297619057
2016-01-22,276.0790870436509
2016-01-23,279.24234250000006
2016-01-24,279.6452114880952
2016-01-25,280.8735560714286
2016-01-26,281.45243240079367
2016-01-27,282.3598631746031
2016-01-28,280.7751259325398
2016-01-29,279.84661740079366
2016-01-30,280.3178256746031
2016-01-31,282.85708198412715
2016-02-01,284.0375369444445
2016-02-02,282.5153234126984
2016-02-03,278.91316482142855
2016-02-04,278.7684497222222
2016-02-05,281.2723537896826
2016-02-06,282.1518908928572
2016-02-07,280.43779146825403
2016-02-08,281.6318679166667
2016-02-09,280.18089751984127
2016-02-10,277.0143126190477
2016-02-11,276.6076799603173
2016-02-12,277.6564730952381
2016-02-13,279.89447849206346
2016-02-14,278.70230599206343
2016-02-15,276.03738581349216
2016-02-16,274.6504221626984
2016-02-17,273.82798271825385
2016-02-18,275.3063673611111
2016-02-19,276.558346984127
2016-02-20,280.3626894642857
2016-02-21,283.1778932738096
2016-02-22,282.0289601587301
2016-02-23,279.9260997619048
2016-02-24,278.1491235912699
2016-02-25,277.31022571428576
2016-02-26,276.212188234127
2016-02-27,276.9707546428572
2016-02-28,276.7816097420635
2016-03-01,277.5243373214286
2016-03-02,279.7033530357142
2016-03-03,278.18010720238084
2016-03-04,278.60240553571424
2016-03-05,277.13425017857145
2016-03-06,276.1805270436509
2016-03-07,275.68221049603176
2016-03-08,275.95117843253973
2016-03-09,277.1441575
2016-03-10,278.2476486111111
2016-03-11,278.6114108730158
2016-03-12,278.3097817857143
2016-03-13,278.1747988095238
2016-03-14,278.82535684523816
2016-03-15,279.0472925198413
2016-03-16,277.92833617063485
2016-03-17,278.5096932738094
2016-03-18,279.02225261904766
2016-03-19,279.3879597619049
2016-03-20,279.38190154761907
2016-03-21,279.9251966666666
2016-03-22,280.15272218253966
2016-03-23,280.0275073809523
2016-03-24,280.19023513888874
2016-03-25,280.957004920635
2016-03-26,283.6833720833333
2016-03-27,281.7431778571428
2016-03-28,282.5966277777778
2016-03-29,282.85982912698415
2016-03-30,283.7288644841269
2016-03-31,282.09059984126986
2016-04-01,279.9770569444444
2016-04-02,281.6536662103176
2016-04-03,285.6481742857143
2016-04-04,284.39781152777766
2016-04-05,283.5235374801587
2016-04-06,282.81780501984133
2016-04-07,280.90539751984136
2016-04-08,279.87585630952384
2016-04-09,280.62729361111127
2016-04-10,283.5125894444444
2016-04-11,284.2571497222222
2016-04-12,284.34500702380944
2016-04-13,283.580695
2016-04-14,283.8874010714287
2016-04-15,285.1447349603174
2016-04-16,284.1726946626985
2016-04-17,281.2092789682539
2016-04-18,280.53796390873015
2016-04-19,283.05202109126975
2016-04-20,285.59499188492066
2016-04-21,286.5980978968254
2016-04-22,285.65033450396817
2016-04-23,282.35176184523823
2016-04-24,279.0271489285714
2016-04-25,279.6302990476191
2016-04-26,279.7421912499999
2016-04-27,279.05964615079364
2016-04-28,279.89559521825396
2016-04-29,281.3853381944444
2016-04-30,280.3673093253968
2016-05-01,280.76499480158736
2016-05-02,283.86810797619046
2016-05-03,283.6967575992063
2016-05-04,284.5531295436508
2016-05-05,286.80550942460314
2016-05-06,288.50223373015876
2016-05-07,289.3870033134922
2016-05-08,289.80385007936513
2016-05-09,288.9315385912699
2016-05-10,288.8134076984127
2016-05-11,287.0527535515873
2016-05-12,286.2804637301587
2016-05-13,286.7677187896826
2016-05-14,284.5387235912699
2016-05-15,283.15182851190485
2016-05-16,283.97111579365094
2016-05-17,285.4669391269841
2016-05-18,285.66170025793656
2016-05-19,284.9068192460318
2016-05-20,287.08296527777776
2016-05-21,290.3332745833333
2016-05-22,286.7227524801587
2016-05-23,284.1298224801586
2016-05-24,284.998573968254
2016-05-25,286.81001833333335
2016-05-26,289.2718334126985
2016-05-27,290.9464451190476
2016-05-28,290.2472172222223
2016-05-29,287.96643444444453
2016-05-30,286.8381226190476
2016-05-31,286.3591712698412
2016-06-01,286.90933386904766
2016-06-02,286.826371765873
2016-06-03,287.2485584126984
2016-06-04,288.0635189484127
2016-06-05,289.52878952380934
2016-06-06,291.4996780753969
2016-06-07,292.1617729365079
2016-06-08,291.4661060515874
2016-06-09,291.3219251388889
2016-06-10,290.6022443055555
2016-06-11,289.7610162103174
2016-06-12,289.0965567063493
2016-06-13,288.82117303571425
2016-06-14,287.9190108333333
2016-06-15,287.70177644841283
2016-06-16,287.08500410714294
2016-06-17,287.5071323611111
2016-06-18,287.41271938492065
2016-06-19,288.10685057539695
2016-06-20,288.98080329365075
2016-06-21,291.64293696428575
2016-06-22,295.4938353373016
2016-06-23,296.66079496031745
2016-06-24,293.64798938492066
2016-06-25,290.47066934523804
2016-06-26,289.2891007142857
2016-06-27,289.9418803174603
2016-06-28,291.158327718254
2016-06-29,291.3651029761904
2016-06-30,291.77333722222227
2016-07-01,292.07328212301593
2016-07-02,289.58624650793644
2016-07-03,289.3495233928572
2016-07-04,291.56833279761895
2016-07-05,291.8283145833334
2016-07-06,291.52570490079364
2016-07-07,293.1104718650794
2016-07-08,294.1231625595238
2016-07-09,294.4925455555555
2016-07-10,295.5896698214286
2016-07-11,292.7958469444445
2016-07-12,290.1642008531745
2016-07-13,287.88203821428567
2016-07-14,287.33914388888877
2016-07-15,288.9677837896825
2016-07-16,291.7603252380951
2016-07-17,294.58860926587306
2016-07-18,296.71069077380946
2016-07-19,298.5668354960316
2016-07-20,296.6308352777778
2016-07-21,294.08307341269824
2016-07-22,293.05054807539676
2016-07-23,292.7819323015871
2016-07-24,293.5107737500001
2016-07-25,294.08740571428575
2016-07-26,293.2075721428571
2016-07-27,292.56059674603176
2016-07-28,292.72088388888886
2016-07-29,293.4671346230159
2016-07-30,293.31028253968253
2016-07-31,291.9790958730158
2016-08-01,291.44033960317466
2016-08-02,292.03421067460323
2016-08-03,293.61392442460317
2016-08-04,290.90433755952375
2016-08-05,290.19450246031744
2016-08-06,291.12280216269846
2016-08-07,293.24502089285716
2016-08-08,292.68578626984134
2016-08-09,290.16229672619045
2016-08-10,287.97658648809517
2016-08-11,288.62660912698425
2016-08-12,291.6575232142858
2016-08-13,293.6487414484128
2016-08-14,294.5365782142858
2016-08-15,294.89415146825405
2016-08-16,295.1945750992063
2016-08-17,294.3556786111111
2016-08-18,292.3047681150795
2016-08-19,291.9737998611112
2016-08-20,290.7963118253968
2016-08-21,289.9362649603175
2016-08-22,292.3892155753968
2016-08-23,296.0030221031747
2016-08-24,297.0914666071429
2016-08-25,297.6926601984126
2016-08-26,297.2467569047618
2016-08-27,297.6274406150794
2016-08-28,294.7922376190477
2016-08-29,292.1819140476189
2016-08-30,292.1970265873014
2016-08-31,293.22376884920635
2016-09-01,293.1192904563491
2016-09-02,293.1387657539683
2016-09-03,293.7330641865078
2016-09-04,292.70421583333325
2016-09-05,292.13408569444425
2016-09-06,293.60036994047607
2016-09-07,293.86068335317475
2016-09-08,292.84669267857146
2016-09-09,292.0806821626985
2016-09-10,292.6706881150794
2016-09-11,293.13789736111113
2016-09-12,295.49319476190465
2016-09-13,296.2497467063492
2016-09-14,292.4725117857142
2016-09-15,289.9130003769841
2016-09-16,288.3141615277778
2016-09-17,287.2332074801587
2016-09-18,287.87847293650776
2016-09-19,288.79587672619044
2016-09-20,288.3171885119048
2016-09-21,287.9228007936507
2016-09-22,288.0909821031745
2016-09-23,288.9465613690477
2016-09-24,289.65867531746034
2016-09-25,289.040844781746
2016-09-26,287.5266398214286
2016-09-27,288.56536845238094
2016-09-28,289.43297938492066
2016-09-29,290.07037986111106
2016-09-30,289.0409713492065
2016-10-01,287.41180351190485
2016-10-02,285.76628394841265
2016-10-03,285.0787091468254
2016-10-04,286.0812991666667
2016-10-05,285.5768438492062
2016-10-06,283.156103015873
2016-10-07,283.3363874404763
2016-10-08,283.72612793650796
2016-10-09,282.26517501984137
2016-10-10,281.1048129365079
2016-10-11,280.9843651984127
2016-10-12,281.3311271825397
2016-10-13,282.3180702777779
2016-10-14,283.61951053571437
2016-10-15,284.8733735714287
2016-10-16,285.9718103373016
2016-10-17,285.9877158531746
2016-10-18,284.3684688492064
2016-10-19,282.9116516865078
2016-10-20,282.4771016269841
2016-10-21,281.7365917658731
2016-10-22,280.84139938492063
2016-10-23,282.91430988095243
2016-10-24,286.1886557539684
2016-10-25,285.7802062698412
2016-10-26,284.6443350396825
2016-10-27,283.27077680555567
2016-10-28,282.7803499404762
2016-10-29,283.42332442460315
2016-10-30,283.7429546230159
2016-10-31,283.57973940476194
2016-11-01,282.81082285714285
2016-11-02,281.95138630952385
2016-11-03,279.23730593253975
2016-11-04,280.4501403968255
2016-11-05,281.9498685119047
2016-11-06,277.9525623809524
2016-11-07,276.69054876984126
2016-11-08,276.91647172619054
2016-11-09,279.44177861111115
2016-11-10,281.2914351587301
2016-11-11,279.5822675793652
2016-11-12,277.93549624999997
2016-11-13,280.3822215277779
2016-11-14,278.95114396825386
2016-11-15,280.4814802579366
2016-11-16,282.6121910515873
2016-11-17,283.3908529563493
2016-11-18,282.0251905555556
2016-11-19,280.00989132936496
2016-11-20,283.90951765873007
2016-11-21,284.9495078174603
2016-11-22,282.4249403571429
2016-11-23,283.228518234127
2016-11-24,282.88977694444446
2016-11-25,280.7879174801588
2016-11-26,280.16318269841275
2016-11-27,279.47169071428567
2016-11-28,277.2516723214286
2016-11-29,274.5594222420635
2016-11-30,274.75434200396836
2016-12-01,274.627952142857
2016-12-02,275.7002832738094
2016-12-03,276.0376519642858
2016-12-04,276.0959172420636
2016-12-05,277.7889373809526
2016-12-06,277.6512073015874
2016-12-07,277.28319603174606
2016-12-08,277.84348539682543
2016-12-09,278.1478899404763
2016-12-10,277.5527057738095
2016-12-11,278.0931348412699
2016-12-12,278.0257064484127
2016-12-13,278.11189908730165
2016-12-14,277.98976789682547
2016-12-15,277.8208815079365
2016-12-16,278.9028152380953
2016-12-17,276.9056707539683
2016-12-18,275.7341387698413
2016-12-19,275.8744217658731
2016-12-20,275.70122240079354
2016-12-21,276.6489443452382
2016-12-22,278.0921742460318
2016-12-23,278.72882670634914
2016-12-24,280.7077360317461
2016-12-25,281.4510358333334
2016-12-26,280.67978954365077
2016-12-27,276.5019792460317
2016-12-28,275.32243132936514
2016-12-29,273.6641299206349
2016-12-30,272.4969641071428
2016-12-31,271.57329724206346
2017-01-01,272.57932119047615
2017-01-02,274.2041119841269
2017-01-03,272.993290297619
2017-01-04,274.05865670634904
2017-01-05,274.2350985714287
2017-01-06,270.70179285714283
2017-01-07,271.40652825396825
2017-01-08,275.7437910714287
2017-01-09,276.7330668253967
2017-01-10,277.29930918650797
2017-01-11,278.72475521825396
2017-01-12,279.3425078769841
2017-01-13,275.78739444444443
2017-01-14,274.80756876984117
2017-01-15,274.7506587499999
2017-01-16,274.4561298214286
2017-01-17,270.8706185119048
2017-01-18,270.000903095238
2017-01-19,269.90103863095237
2017-01-20,270.42792716269844
2017-01-21,271.48647865079363
2017-01-22,271.98796111111113
2017-01-23,272.31325478174597
2017-01-24,271.8181823214286
2017-01-25,270.7775524404762
2017-01-26,271.5962289484128
2017-01-27,277.16202367063494
2017-01-28,278.4795172420635
2017-01-29,277.9659595039683
2017-01-30,280.40328218253967
2017-01-31,281.5870142658731
2017-02-01,281.4919849404761
2017-02-02,282.3083102579365
2017-02-03,280.2734333531748
2017-02-04,279.44364025793647
2017-02-05,278.9171020039682
2017-02-06,278.33514115079356
2017-02-07,279.2281979960318
2017-02-08,277.59519200396807
2017-02-09,275.6530586904763
2017-02-10,275.1684270039682
2017-02-11,275.0398743253968
2017-02-12,278.3161464087302
2017-02-13,280.81756511904774
2017-02-14,281.195567638889
2017-02-15,282.00172240079365
2017-02-16,280.8580149206349
2017-02-17,279.85288373015874
2017-02-18,278.698085
2017-02-19,278.40368615079365
2017-02-20,280.60991170634924
2017-02-21,282.5636406944445
2017-02-22,282.31141944444437
2017-02-23,281.7849064682539
2017-02-24,278.6955024007936
2017-02-25,277.7006225992063
2017-02-26,280.67744630952376
2017-02-27,281.640754484127
2017-02-28,278.8768464484127
2017-03-01,280.3711588492063
2017-03-02,281.11386482142854
2017-03-03,282.37700156746024
2017-03-04,280.3744274801588
2017-03-05,279.4287827380953
2017-03-06,280.1435775992062
2017-03-07,279.3030225595238
2017-03-08,281.6590679761905
2017-03-09,283.8892127380952
2017-03-10,283.1483654761904
2017-03-11,283.2238263492062
2017-03-12,282.8037218055556
2017-03-13,282.5976775595238
2017-03-14,281.78876960317456
2017-03-15,282.86139182539677
2017-03-16,283.94599777777773
2017-03-17,283.0167067261905
2017-03-18,282.65961232142854
2017-03-19,283.9166133928572
2017-03-20,283.6268478769841
2017-03-21,281.4554807142857
2017-03-22,279.9321866666666
2017-03-23,280.72621623015885
2017-03-24,281.3113898611111
2017-03-25,283.136735734127
2017-03-26,283.23046571428574
2017-03-27,284.14731801587305
2017-03-28,284.62188164682544
2017-03-29,285.5957688690477
2017-03-30,287.5555840873016
2017-03-31,286.390914484127
2017-04-01,283.0549951388888
2017-04-02,283.098353670635
2017-04-03,284.5086793055555
2017-04-04,284.30298968253965
2017-04-05,283.5630606746031
2017-04-06,282.11745898809517
2017-04-07,283.34282984126986
2017-04-08,286.1061142658729
2017-04-09,287.9959556547618
2017-04-10,286.0385338492064
2017-04-11,283.67316124999996
2017-04-12,284.170926984127
2017-04-13,284.5654807936508
2017-04-14,284.4819850595238
2017-04-15,283.7039354960319
2017-04-16,283.30870865079373
2017-04-17,282.68806285714277
2017-04-18,280.63083049603176
2017-04-19,279.18065224206345
2017-04-20,279.28145283730163
2017-04-21,282.14212222222227
2017-04-22,283.91185238095244
2017-04-23,283.3141231746032
2017-04-24,284.22111035714295
2017-04-25,281.3428730158731
2017-04-26,278.50630184523806
2017-04-27,278.41738640873007
2017-04-28,279.9711217857142
2017-04-29,282.56368222222216
2017-04-30,283.74773031746037
2017-05-01,281.94370321428573
2017-05-02,282.78689069444437
2017-05-03,282.95669226190466
2017-05-04,283.71658412698406
2017-05-05,285.583627281746
2017-05-06,285.0555636904763
2017-05-07,284.676081111111
2017-05-08,283.48411783730154
2017-05-09,284.12886162698413
2017-05-10,286.08250005952374
2017-05-11,286.91231281746036
2017-05-12,287.7278180555554
2017-05-13,287.38911339285727
2017-05-14,287.7793660912699
2017-05-15,289.77129644841267
2017-05-16,292.4334331150793
2017-05-17,292.48569488095234
2017-05-18,288.05162492063494
2017-05-19,283.8974616269841
2017-05-20,284.7361063095237
2017-05-21,287.6275734722222
2017-05-22,290.5151906349206
2017-05-23,290.477872202381
2017-05-24,291.48470922619043
2017-05-25,292.9997913492064
2017-05-26,294.05082869047635
2017-05-27,294.5830832142857
2017-05-28,295.2777749999999
2017-05-29,294.02594849206355
2017-05-30,291.54172327380957
2017-05-31,291.1774403968254
2017-06-01,292.67231331349205
2017-06-02,293.1681191865079
2017-06-03,289.8878747023809
2017-06-04,288.1143046626984
2017-06-05,289.20840269841267
2017-06-06,286.992634702381
2017-06-07,287.1534822023809
2017-06-08,291.13585912698414
2017-06-09,290.930157420635
2017-06-10,292.96861583333333
2017-06-11,294.5701069642857
2017-06-12,291.9935215674604
2017-06-13,292.6699437103175
2017-06-14,294.913527718254
2017-06-15,294.82813761904765
2017-06-16,292.22886285714276
2017-06-17,293.26373507936506
2017-06-18,295.63207200396835
2017-06-19,297.5751788690476
2017-06-20,298.4834576388889
2017-06-21,298.9524463095239
2017-06-22,297.79805904761895
2017-06-23,294.07227198412704
2017-06-24,293.44278714285724
2017-06-25,293.4349875396824
2017-06-26,293.6525014880951
2017-06-27,293.1652322023809
2017-06-28,290.5568563492064
2017-06-29,288.65140974206344
2017-06-30,287.95835396825396
2017-07-01,288.1137981349207
2017-07-02,289.24793073412695
2017-07-03,291.3962124404762
2017-07-04,293.57614609126983
2017-07-05,296.26017934523816
2017-07-06,296.8419760714285
2017-07-07,297.39763140873015
2017-07-08,296.28287950396816
2017-07-09,294.1476923214287
2017-07-10,291.9414919047619
2017-07-11,291.92068851190476
2017-07-12,292.2338282142857
2017-07-13,292.24474998015876
2017-07-14,291.8710636111112
2017-07-15,291.81285807539683
2017-07-16,294.1784362698414
2017-07-17,295.8210569246031
2017-07-18,297.70645325396833
2017-07-19,296.17426305555557
2017-07-20,292.4758801984129
2017-07-21,291.7344146626982
2017-07-22,291.5585936706349
2017-07-23,290.8054228373015
2017-07-24,289.96416573412694
2017-07-25,290.20908795634915
2017-07-26,290.76029345238084
2017-07-27,291.9113710714285
2017-07-28,292.19390238095247
2017-07-29,294.3955127182539
2017-07-30,293.9806125396825
2017-07-31,293.2728758730158
2017-08-01,293.51084869047605
2017-08-02,295.20007561507936
2017-08-03,295.4612661706349
2017-08-04,294.4378679761905
2017-08-05,292.93918722222213
2017-08-06,291.18054597222226
2017-08-07,292.21151785714284
2017-08-08,289.8492701388888
2017-08-09,288.42508396825394
2017-08-10,287.6110570436509
2017-08-11,288.12454505952365
2017-08-12,289.6409516865079
2017-08-13,291.0188342460318
2017-08-14,293.62570980158733
2017-08-15,293.51053093253967
2017-08-16,292.73049624999993
2017-08-17,293.60040470238096
2017-08-18,292.0451651388888
2017-08-19,289.6809738690476
2017-08-20,289.3920574603176
2017-08-21,291.93421914682546
2017-08-22,294.4577296031746
2017-08-23,293.96432599206355
2017-08-24,293.28314021825406
2017-08-25,294.1507156746031
2017-08-26,295.2851489484126
2017-08-27,295.82068904761894
2017-08-28,296.6949079166667
2017-08-29,296.770615734127
2017-08-30,292.78393041666675
2017-08-31,288.5118228373015
2017-09-01,287.57889013888894
2017-09-02,287.20418448412704
2017-09-03,287.7580305357143
2017-09-04,290.8265668650793
2017-09-05,292.12541577380944
2017-09-06,289.97428335317466
2017-09-07,288.4939353968254
2017-09-08,288.7793366269841
2017-09-09,286.90309363095224
2017-09-10,286.7973659722221
2017-09-11,287.45124738095234
2017-09-12,287.2008879166667
2017-09-13,289.16589192460305
2017-09-14,286.4001448214286
2017-09-15,284.29104109126985
2017-09-16,283.62253515873016
2017-09-17,283.80988444444455
2017-09-18,284.2496545436507
2017-09-19,284.480013829365
2017-09-20,284.9819936904762
2017-09-21,286.42816900793656
2017-09-22,286.8985126587302
2017-09-23,287.50411277777783
2017-09-24,289.0398971428572
2017-09-25,288.1761982738095
2017-09-26,287.99226440476184
2017-09-27,288.4233176785714
2017-09-28,289.83883154761907
2017-09-29,290.6609180952381
2017-09-30,287.0705549801588
2017-10-01,286.8177249404762
2017-10-02,289.17709662698417
2017-10-03,287.38780728174595
2017-10-04,285.3564473015874
2017-10-05,286.15123208333324
2017-10-06,284.11364408730157
2017-10-07,283.437251547619
2017-10-08,285.3811785515873
2017-10-09,286.00332402777775
2017-10-10,286.34037807539676
2017-10-11,287.44308146825404
2017-10-12,288.09947999999986
2017-10-13,288.0288796626984
2017-10-14,288.14299505952374
2017-10-15,289.5028444246032
2017-10-16,290.1553595238095
2017-10-17,288.20037914682547
2017-10-18,288.2143298412698
2017-10-19,288.33308498015856
2017-10-20,287.02161182539703
2017-10-21,286.5811305952381
2017-10-22,283.3110887896827
2017-10-23,284.28934083333337
2017-10-24,286.86394880952383
2017-10-25,287.25588005952375
2017-10-26,286.8328475595238
2017-10-27,285.39077654761905
2017-10-28,282.04191611111116
2017-10-29,283.2035198611111
2017-10-30,280.7813145436509
2017-10-31,279.28367736111113
2017-11-01,281.3950425000001
2017-11-02,283.73256361111106
2017-11-03,284.05064700396827
2017-11-04,285.04481924603164
2017-11-05,280.6987358333332
2017-11-06,278.1463986111111
2017-11-07,277.25173607142847
2017-11-08,278.3293943055555
2017-11-09,279.30673019841265
2017-11-10,280.96213742063475
2017-11-11,282.85740807539685
2017-11-12,281.8733989682539
2017-11-13,278.0667033730158
2017-11-14,277.17962001984114
2017-11-15,277.69827597222223
2017-11-16,277.4700660317461
2017-11-17,278.82706158730156
2017-11-18,278.16278438492054
2017-11-19,278.10418283730166
2017-11-20,278.86349216269855
2017-11-21,280.8005881547619
2017-11-22,282.4044663690476
2017-11-23,285.1109388095238
2017-11-24,283.23292710317446
2017-11-25,278.99943769841275
2017-11-26,275.98315373015873
2017-11-27,277.73047992063493
2017-11-28,277.5127456349205
2017-11-29,275.72844545634933
2017-11-30,274.9692472619048
2017-12-01,273.8931198809525
2017-12-02,273.03513557539685
2017-12-03,273.2594089682539
2017-12-04,276.5492824603176
2017-12-05,276.99771041666673
2017-12-06,275.91791716269836
2017-12-07,277.39987490079375
2017-12-08,277.17301404761906
2017-12-09,274.2822215079366
2017-12-10,278.54491682539674
2017-12-11,279.6235262896826
2017-12-12,275.72013396825395
2017-12-13,278.0427078769842
2017-12-14,279.50695480158726
2017-12-15,277.5221092063492
2017-12-16,275.8828374206349
2017-12-17,275.7170166468254
2017-12-18,277.68958063492056
2017-12-19,275.6933682936508
2017-12-20,277.3863925396826
2017-12-21,279.6758579166667
2017-12-22,280.5412733333332
2017-12-23,280.32813650793645
2017-12-24,279.0713762896826
2017-12-25,277.600561924603
2017-12-26,279.20781577380956
2017-12-27,277.60654513888886
2017-12-28,274.69827940476193
2017-12-29,277.0916379166667
2017-12-30,283.5537764484126
2017-12-31,283.271671607143
2018-01-01,280.1498623611111
2018-01-02,280.7111294841269
2018-01-03,282.9928635515872
2018-01-04,283.99671055555564
2018-01-05,282.08847696428563
2018-01-06,279.7579543253969
2018-01-07,279.90893662698426
2018-01-08,278.9909053769841
2018-01-09,278.89150373015866
2018-01-10,279.6125752777778
2018-01-11,278.4228780158731
2018-01-12,277.53609769841273
2018-01-13,276.44630928571434
2018-01-14,276.62975974206347
2018-01-15,278.7966128769841
2018-01-16,281.27270051587305
2018-01-17,278.5500067063491
2018-01-18,280.48181456349204
2018-01-19,278.4809355158729
2018-01-20,279.6715506150794
2018-01-21,280.9038254563491
2018-01-22,282.9420565476191
2018-01-23,281.7534196428573
2018-01-24,282.9315291269842
2018-01-25,281.45621900793657
2018-01-26,278.67599849206357
2018-01-27,277.3574487896825
2018-01-28,279.3602981746031
2018-01-29,280.4974245238095
2018-01-30,280.3847102777777
2018-01-31,279.9286796428572
2018-02-01,276.9494806547618
2018-02-02,275.59079626984123
2018-02-03,275.8303353373017
2018-02-04,275.2566854761904
2018-02-05,273.8700369444444
2018-02-06,273.68612920634916
2018-02-07,272.88444
2018-02-08,272.66208962301596
2018-02-09,273.4216794841269
2018-02-10,274.71482212301606
2018-02-11,277.12722037698416
2018-02-12,274.83098744047606
2018-02-13,273.67409581349204
2018-02-14,275.4593509722222
2018-02-15,280.68014448412697
2018-02-16,279.80899706349203
2018-02-17,278.59378583333324
2018-02-18,276.6309473412698
2018-02-19,276.94936123015873
2018-02-20,277.9740567261903
2018-02-21,275.1512920833334
2018-02-22,273.6519302579365
2018-02-23,273.1970358333334
2018-02-24,273.85514906746033
2018-02-25,273.0394352380952
2018-02-26,269.8636161111111
2018-02-27,267.7735948412699
2018-02-28,268.6655912301588
2018-03-01,274.4991840873016
2018-03-02,276.859339265873
2018-03-03,278.3886933531746
2018-03-04,279.11352714285704
2018-03-05,279.86593484126973
2018-03-06,279.5006665873016
2018-03-07,278.8136786706349
2018-03-08,279.9576944246031
2018-03-09,282.93279480158725
2018-03-10,285.0692279761906
2018-03-11,284.4736521626984
2018-03-12,282.1849249603175
2018-03-13,280.51994523809515
2018-03-14,281.3901245039683
2018-03-15,281.6023891269841
2018-03-16,280.8793242857143
2018-03-17,277.29304035714284
2018-03-18,275.1375543055557
2018-03-19,274.6625284325396
2018-03-20,275.2754669642857
2018-03-21,275.78590188492063
2018-03-22,276.2675718253967
2018-03-23,278.3328646230159
2018-03-24,279.89891299603175
2018-03-25,281.05978749999997
2018-03-26,280.60721091269835
2018-03-27,280.91631343253965
2018-03-28,282.20081857142856
2018-03-29,280.1878929166666
2018-03-30,279.72350488095225
2018-03-31,279.24856039682544
2018-04-01,280.1524541071429
2018-04-02,282.9954805952381
2018-04-03,284.6457401190477
2018-04-04,283.7179724404762
2018-04-05,282.0918832539683
2018-04-06,284.60229571428573
2018-04-07,286.71302279761903
2018-04-08,286.2320801984127
2018-04-09,284.6592151785714
2018-04-10,283.164154265873
2018-04-11,283.5417421031746
2018-04-12,283.27739424603186
2018-04-13,283.85699446428566
2018-04-14,284.59147757936506
2018-04-15,285.3675189880952
2018-04-16,284.9574608928572
2018-04-17,286.9494824801586
2018-04-18,290.07044630952385
2018-04-19,291.179546111111
2018-04-20,291.4228154960317
2018-04-21,291.70451505952377
2018-04-22,290.9508640873016
2018-04-23,287.55108801587295
2018-04-24,287.60486779761925
2018-04-25,286.4223354166666
2018-04-26,284.324170218254
2018-04-27,285.3352082142856
2018-04-28,284.73480456349193
2018-04-29,284.143071170635
2018-04-30,281.499704186508
2018-05-01,281.4625664087301
2018-05-02,282.98025369047616
2018-05-03,284.161986329365
2018-05-04,286.0417239285715
2018-05-05,288.6593262499999
2018-05-06,291.0461587896826
2018-05-07,291.63921962301583
2018-05-08,290.11248938492065
2018-05-09,288.1123638690477
2018-05-10,285.6285509325396
2018-05-11,287.06009869047614
2018-05-12,286.5058509920636
2018-05-13,282.5523998809524
2018-05-14,283.4847699007937
2018-05-15,286.3004786507936
2018-05-16,286.86201813492056
2018-05-17,286.45846873015887
2018-05-18,286.7644725793651
2018-05-19,286.96301902777776
2018-05-20,287.873074265873
2018-05-21,289.40738253968254
2018-05-22,289.4066918253969
2018-05-23,289.0688052380953
2018-05-24,290.3113537896826
2018-05-25,291.15569115079353
2018-05-26,292.9107344841271
2018-05-27,292.68857746031745
2018-05-28,291.56417732142853
2018-05-29,290.76873702380954
2018-05-30,291.06821664682536
2018-05-31,290.65535738095224
2018-06-01,290.27643148809517
2018-06-02,291.22356581349203
2018-06-03,291.9793220634922
2018-06-04,291.57984496031736
2018-06-05,290.8460891666667
2018-06-06,290.6514190873016
2018-06-07,291.2953841865079
2018-06-08,292.30545670634933
2018-06-09,292.84131801587296
2018-06-10,292.4962385912698
2018-06-11,290.95829035714286
2018-06-12,289.7316444444445
2018-06-13,288.4830595833334
2018-06-14,288.88855751984136
2018-06-15,290.1397872619048
2018-06-16,290.55721378968246
2018-06-17,289.987622281746
2018-06-18,290.8205395039683
2018-06-19,292.5868635714286
2018-06-20,294.77330702380954
2018-06-21,292.32295267857137
2018-06-22,289.19260835317465
2018-06-23,289.6965156349206
2018-06-24,290.76218529761894
2018-06-25,291.8327367063491
2018-06-26,293.6887216071429
2018-06-27,294.51171099206357
2018-06-28,294.2633396230159
2018-06-29,294.8128948015873
2018-06-30,296.6933052380952
2018-07-01,297.2257693650793
2018-07-02,295.6236378769842
2018-07-03,295.08796994047617
2018-07-04,294.631915515873
2018-07-05,292.31001063492056
2018-07-06,293.38387958333345
2018-07-07,295.21490123015883
2018-07-08,295.57820273809523
2018-07-09,294.7988386309524
2018-07-10,292.81899684523796
2018-07-11,291.47268916666667
2018-07-12,292.34825438492055
2018-07-13,294.2632719047619
2018-07-14,295.28687204365076
2018-07-15,295.3263746031746
2018-07-16,294.10144716269843
2018-07-17,293.68546684523807
2018-07-18,294.2422891865078
2018-07-19,295.35838456349205
2018-07-20,293.18834746031746
2018-07-21,292.1546773412699
2018-07-22,293.3489643253969
2018-07-23,295.35504206349214
2018-07-24,296.4579606349207
2018-07-25,297.14743601190474
2018-07-26,298.48822140873006
2018-07-27,297.4133389087301
2018-07-28,293.99057392857145
2018-07-29,294.83656535714283
2018-07-30,296.0868436507936
2018-07-31,296.0702409920636
2018-08-01,295.8069375396826
2018-08-02,297.2996756746031
2018-08-03,299.16010890873014
2018-08-04,298.85439740079363
2018-08-05,297.9096360714284
2018-08-06,298.6205909920635
2018-08-07,297.9650683928572
2018-08-08,294.8070455753968
2018-08-09,291.1931427380953
2018-08-10,290.71256926587296
2018-08-11,291.78442190476187
2018-08-12,294.22916269841255
2018-08-13,292.4555039682539
2018-08-14,292.306489265873
2018-08-15,292.7104701388888
2018-08-16,294.0632394444445
2018-08-17,291.9005646230158
2018-08-18,291.90150533730167
2018-08-19,293.5503842460317
2018-08-20,294.1786559325397
2018-08-21,295.00070886904757
2018-08-22,295.4966127777778
2018-08-23,294.16532085317453
2018-08-24,290.59355498015873
2018-08-25,287.6420758134921
2018-08-26,288.7330603373015
2018-08-27,291.3274926587301
2018-08-28,293.199027936508
2018-08-29,291.641824107143
2018-08-30,289.8129928373014
2018-08-31,289.67181666666664
2018-09-01,289.649639484127
2018-09-02,289.8516580952381
2018-09-03,290.74911966269843
2018-09-04,291.48884827380954
2018-09-05,292.1676377579365
2018-09-06,290.62685436507934
2018-09-07,289.55050166666655
2018-09-08,289.76211662698404
2018-09-09,291.6150047619048
2018-09-10,291.9710283333333
2018-09-11,292.9502527976189
2018-09-12,293.16055121031746
2018-09-13,290.96644845238086
2018-09-14,289.65272517857153
2018-09-15,289.0337786904762
2018-09-16,290.17560152777776
2018-09-17,292.6039797222223
2018-09-18,293.3798883928571
2018-09-19,293.0050799603174
2018-09-20,293.02557146825404
2018-09-21,289.67814242063486
2018-09-22,288.332471111111
2018-09-23,290.7314652579366
2018-09-24,285.27654934523804
2018-09-25,284.95155228174616
2018-09-26,286.82505607142866
2018-09-27,289.10515301587304
2018-09-28,289.0235229563491
2018-09-29,286.422852361111
2018-09-30,285.7865897420637
2018-10-01,284.0551042063492
2018-10-02,284.2575856944445
2018-10-03,287.2767580952381
2018-10-04,287.196187281746
2018-10-05,288.7359382539683
2018-10-06,288.75453603174606
2018-10-07,285.9459079960318
2018-10-08,285.5894166666666
2018-10-09,287.59150692460327
2018-10-10,288.87886283730165
2018-10-11,290.161815654762
2018-10-12,291.2599860912698
2018-10-13,291.63463093253966
2018-10-14,290.918436765873
2018-10-15,289.14049744047617
2018-10-16,288.2364508531747
2018-10-17,287.2943700396825
2018-10-18,287.78924734126986
2018-10-19,286.4358346825396
2018-10-20,285.4533321031746
2018-10-21,284.65342055555556
2018-10-22,284.5715523809524
2018-10-23,283.3037087301588
2018-10-24,284.9787054563492
2018-10-25,284.82775446428576
2018-10-26,282.9043884126984
2018-10-27,279.35290748015865
2018-10-28,278.0767630753968
2018-10-29,277.3242023015872
2018-10-30,278.59072432539676
2018-10-31,280.74325984126983
2018-11-01,282.3058817857144
2018-11-02,280.7464841071429
2018-11-03,279.514550079365
2018-11-04,281.3636546031747
2018-11-05,284.89639583333326
2018-11-06,284.21840537698415
2018-11-07,283.25087279761897
2018-11-08,281.8998657539683
2018-11-09,283.2482056150794
2018-11-10,284.5708690079365
2018-11-11,285.39968535714286
2018-11-12,285.4838866071429
2018-11-13,283.87095726190483
2018-11-14,282.63412285714287
2018-11-15,282.89665251984144
2018-11-16,281.28170589285713
2018-11-17,279.0244023412698
2018-11-18,277.5637929365081
2018-11-19,275.4751083730159
2018-11-20,275.0830990277778
2018-11-21,275.7094399404762
2018-11-22,277.49184601190467
2018-11-23,278.70841021825396
2018-11-24,279.62149043650794
2018-11-25,278.66263638888887
2018-11-26,278.2737919246032
2018-11-27,278.51175583333327
2018-11-28,280.7658135714285
2018-11-29,282.3456456944444
2018-11-30,281.2527092658732
2018-12-01,280.93188591269836
2018-12-02,284.4198105357143
2018-12-03,285.2227928571429
2018-12-04,282.7169001587301
2018-12-05,281.9930666468254
2018-12-06,284.0909841071428
2018-12-07,282.5974774007937
2018-12-08,281.4680711111111
2018-12-09,282.0450606944445
2018-12-10,279.5733405952382
2018-12-11,276.4516635714287
2018-12-12,274.6864669841269
2018-12-13,274.2020853373015
2018-12-14,273.16016998015874
2018-12-15,274.2223109325397
2018-12-16,278.10319325396813
2018-12-17,278.8835008333333
2018-12-18,278.5435798412698
2018-12-19,280.3332723015873
2018-12-20,280.0128813492065
2018-12-21,282.98934742063494
2018-12-22,283.78353702380946
2018-12-23,283.6040454563493
2018-12-24,281.6470505158731
2018-12-25,276.42320452380966
2018-12-26,274.3040805357142
2018-12-27,274.4243626785715
2018-12-28,275.60152361111113
2018-12-29,276.14754589285707
2018-12-30,277.9475386904762
2018-12-31,278.8610574801587
2019-01-01,278.7570375396826
2019-01-02,277.2210829365079
2019-01-03,274.62010960317457
2019-01-04,274.18854619047625
2019-01-05,275.1933958134921
2019-01-06,276.0394069841268
2019-01-07,277.2847257142857
2019-01-08,278.44265166666656
2019-01-09,276.2525620833335
2019-01-10,274.378399265873
2019-01-11,275.086881686508
2019-01-12,277.924378154762
2019-01-13,280.8856990873016
2019-01-14,280.0672577182539
2019-01-15,277.7589879365079
2019-01-16,277.03866636904763
2019-01-17,277.8711289880953
2019-01-18,274.1499682936507
2019-01-19,274.3579764682539
2019-01-20,275.42064714285726
2019-01-21,273.2283965079365
2019-01-22,273.3405065873016
2019-01-23,274.12943269841276
2019-01-24,273.14023105158736
2019-01-25,275.1513065674602
2019-01-26,278.6925449603174
2019-01-27,278.30708327380967
2019-01-28,276.0846999801587
2019-01-29,275.06418374999987
2019-01-30,274.840133968254
2019-01-31,275.2811853769842
2019-02-01,277.8611889285714
2019-02-02,276.17565228174607
2019-02-03,275.0373103571429
2019-02-04,274.361522420635
2019-02-05,276.58656896825397
2019-02-06,278.75981938492066
2019-02-07,279.3627003769842
2019-02-08,279.8542568253969
2019-02-09,281.3114761904761
2019-02-10,280.544438234127
2019-02-11,277.86316718253977
2019-02-12,276.4070118849206
2019-02-13,276.46745875
2019-02-14,278.5731225992063
2019-02-15,279.8280818849205
2019-02-16,280.1471222420635
2019-02-17,281.38403488095247
2019-02-18,280.5690551190476
2019-02-19,279.48603537698415
2019-02-20,279.30650720238106
2019-02-21,280.4526548015873
2019-02-22,281.8731661706349
2019-02-23,281.9439387698413
2019-02-24,280.7169658531746
2019-02-25,281.57869121031746
2019-02-26,282.722245138889
2019-02-27,283.4887142261906
2019-02-28,282.7106157936508
2019-03-01,281.91758333333325
2019-03-02,281.9034524404762
2019-03-03,283.7041601587302
2019-03-04,281.79311865079364
2019-03-05,281.32209613095245
2019-03-06,283.14233601190466
2019-03-07,281.59295480158727
2019-03-08,280.8903447222222
2019-03-09,283.1114598611112
2019-03-10,283.52262248015876
2019-03-11,279.1846248809525
2019-03-12,279.76950644841276
2019-03-13,279.6819396230159
2019-03-14,280.75778898809523
2019-03-15,283.51985476190475
2019-03-16,283.7181146031745
2019-03-17,280.6060317460317
2019-03-18,278.8799496428571
2019-03-19,279.10899694444436
2019-03-20,280.0079496825398
2019-03-21,281.16990329365063
2019-03-22,282.3976296031747
2019-03-23,282.90570910714274
2019-03-24,282.3154667460317
2019-03-25,280.5519656150794
2019-03-26,279.991244345238
2019-03-27,280.6117372420634
2019-03-28,281.575315376984
2019-03-29,283.04229797619047
2019-03-30,284.1364886111112
2019-03-31,284.35575708333323
2019-04-01,284.73651988095236
2019-04-02,283.226432202381
2019-04-03,278.5090188690477
2019-04-04,278.00391744047613
2019-04-05,280.3009335515872
2019-04-06,281.35870119047615
2019-04-07,281.6879977579366
2019-04-08,282.3030534126983
2019-04-09,282.45245291666663
2019-04-10,282.142857559524
2019-04-11,281.66466339285716
2019-04-12,280.2268685912699
2019-04-13,278.9076975992064
2019-04-14,278.3932619642856
2019-04-15,282.1209820833333
2019-04-16,283.45034242063497
2019-04-17,285.1558991468253
2019-04-18,287.758617281746
2019-04-19,288.87359936507926
2019-04-20,288.6839679563492
2019-04-21,287.6703488095238
2019-04-22,288.563322281746
2019-04-23,287.7326952777778
2019-04-24,285.5016981746031
2019-04-25,283.7998856944444
2019-04-26,283.0391683928571
2019-04-27,282.7508362103175
2019-04-28,281.52098398809517
2019-04-29,282.5454000992064
2019-04-30,284.10249942460314
2019-05-01,285.1210753373017
2019-05-02,284.0304374404762
2019-05-03,283.33710595238097
2019-05-04,280.19113172619063
2019-05-05,279.22287295634914
2019-05-06,280.63779065476194
2019-05-07,283.57550744047626
2019-05-08,284.2310732738095
2019-05-09,284.41535517857136
2019-05-10,285.6920205158731
2019-05-11,284.85724904761906
2019-05-12,283.6295981746031
2019-05-13,284.65715835317457
2019-05-14,285.6051047222221
2019-05-15,285.1194664484127
2019-05-16,285.0898763690476
2019-05-17,285.0272191468254
2019-05-18,285.276235734127
2019-05-19,285.2919273611111
2019-05-20,285.8186506547619
2019-05-21,286.72448956349217
2019-05-22,287.7254866865078
2019-05-23,288.8251859523811
2019-05-24,288.6199383730159
2019-05-25,288.194928015873
2019-05-26,288.13314682539686
2019-05-27,288.03506111111113
2019-05-28,285.5924768452381
2019-05-29,285.99702886904765
2019-05-30,288.3826729960318
2019-05-31,290.5516049801587
2019-06-01,293.2532127579364
2019-06-02,294.55708414682533
2019-06-03,291.3248431349205
2019-06-04,292.2190970238095
2019-06-05,288.0590770436508
2019-06-06,286.9941488888889
2019-06-07,287.24510142857145
2019-06-08,287.6938341666667
2019-06-09,287.9706910317459
2019-06-10,286.9459794642857
2019-06-11,285.1643830555556
2019-06-12,286.2994935119047
2019-06-13,288.4315023809524
2019-06-14,289.61291331349213
2019-06-15,289.07941839285706
2019-06-16,289.83627863095234
2019-06-17,292.22224751984123
2019-06-18,294.2787590277778
2019-06-19,293.03926801587295
2019-06-20,290.39203476190477
2019-06-21,289.77016908730155
2019-06-22,291.0043545436508
2019-06-23,294.2533033134921
2019-06-24,295.67848446428565
2019-06-25,296.9395897619049
2019-06-26,298.94827531746023
2019-06-27,299.606060079365
2019-06-28,298.51649414682544
2019-06-29,298.92906043650794
2019-06-30,296.5263201785713
2019-07-01,294.0868536904761
2019-07-02,293.50114376984124
2019-07-03,294.0090699007937
2019-07-04,294.95048873015867
2019-07-05,296.5005426984127
2019-07-06,296.10979436507944
2019-07-07,294.275392420635
2019-07-08,293.1831402777778
2019-07-09,291.9960693849204
2019-07-10,293.2094362698414
2019-07-11,293.75316531746034
2019-07-12,293.82523827380953
2019-07-13,293.1029854761905
2019-07-14,291.95495488095236
2019-07-15,291.2770951587301
2019-07-16,292.5073785515874
2019-07-17,293.6450586904762
2019-07-18,292.9820868650792
2019-07-19,294.08134083333346
2019-07-20,294.9424617063491
2019-07-21,295.06675488095243
2019-07-22,297.1461387896827
2019-07-23,300.47834396825397
2019-07-24,300.964605
2019-07-25,301.85849557539683
2019-07-26,296.32191001984125
2019-07-27,291.56035956349206
2019-07-28,290.9230060119047
2019-07-29,292.9491456547618
2019-07-30,292.3578161904762
2019-07-31,291.41926990079367
2019-08-01,292.3765162499999
2019-08-02,293.687685515873
2019-08-03,293.8720967063492
2019-08-04,295.15036561507935
2019-08-05,294.93341375
2019-08-06,293.98713720238095
2019-08-07,292.96565807539696
2019-08-08,295.18594476190475
2019-08-09,296.1317093055556
2019-08-10,293.78508694444434
2019-08-11,290.5144116666666
2019-08-12,289.5428017063492
2019-08-13,288.885034861111
2019-08-14,290.6286500793651
2019-08-15,291.4149386706349
2019-08-16,291.5212178769841
2019-08-17,292.69838660714294
2019-08-18,293.0482088492064
2019-08-19,290.58066525793646
2019-08-20,289.4227935714285
2019-08-21,290.33603073412695
2019-08-22,291.7378447222221
2019-08-23,293.39149140873013
2019-08-24,295.0001944047618
2019-08-25,295.5358066071428
2019-08-26,296.09591946428566
2019-08-27,295.6909619246031
2019-08-28,294.6462633928572
2019-08-29,293.5597919444445
2019-08-30,294.0466210714286
2019-08-31,294.63131595238093
2019-09-01,290.8753404761906
2019-09-02,289.6535487896826
2019-09-03,290.0330127777777
2019-09-04,290.40544299603164
2019-09-05,287.85014398809517
2019-09-06,287.2148286904762
2019-09-07,287.83996363095235
2019-09-08,286.0978228373016
2019-09-09,285.7636314682539
2019-09-10,287.47611053571427
2019-09-11,288.9775271230158
2019-09-12,291.1621569444444
2019-09-13,292.1195992063493
2019-09-14,292.5609193452381
2019-09-15,293.1405632936508
2019-09-16,293.04724972222226
2019-09-17,291.81973146825396
2019-09-18,289.27142728174596
2019-09-19,288.42451944444446
2019-09-20,289.6074846825396
2019-09-21,292.0685377579365
2019-09-22,290.43936420634935
2019-09-23,288.5082637103175
2019-09-24,288.5689951984127
2019-09-25,288.56179793650796
2019-09-26,290.0557699404761
2019-09-27,289.20721757936496
2019-09-28,288.63977640873014
2019-09-29,289.48183396825397
2019-09-30,288.9716800793652
2019-10-01,289.15791023809516
2019-10-02,286.26680085317463
2019-10-03,283.5769818055558
2019-10-04,286.07384359126985
2019-10-05,287.0049753174604
2019-10-06,286.6430750198414
2019-10-07,285.2481565277777
2019-10-08,287.4198997420634
2019-10-09,285.8152538095237
2019-10-10,286.0226012301587
2019-10-11,287.55518807539676
2019-10-12,289.3389032738095
2019-10-13,291.13330880952384
2019-10-14,290.0815689484127
2019-10-15,285.8224627380953
2019-10-16,286.1424670039683
2019-10-17,286.67383501984125
2019-10-18,286.5633486507936
2019-10-19,286.45285547619045
2019-10-20,285.980710297619
2019-10-21,284.5549426785715
2019-10-22,283.9720063293651
2019-10-23,286.18053700396837
2019-10-24,286.3210494642857
2019-10-25,286.150200297619
2019-10-26,287.13778355158746
2019-10-27,285.29521847222225
2019-10-28,283.9153267857142
2019-10-29,283.795227718254
2019-10-30,283.56128355158734
2019-10-31,284.17614686507926
2019-11-01,285.8320092857143
2019-11-02,286.14244751984126
2019-11-03,284.03648589285723
2019-11-04,283.7401559325398
2019-11-05,282.0074882539683
2019-11-06,281.8733379166667
2019-11-07,280.37078968253974
2019-11-08,278.6509701785714
2019-11-09,278.4103112499999
2019-11-10,278.3064705555556
2019-11-11,278.3721541071428
2019-11-12,278.5109958531748
2019-11-13,278.1084835714285
2019-11-14,277.2609988293651
2019-11-15,276.46241218253954
2019-11-16,276.9343907341271
2019-11-17,276.800726468254
2019-11-18,277.36663833333336
2019-11-19,277.0210743253967
2019-11-20,275.96810158730153
2019-11-21,278.13821908730154
2019-11-22,280.8617939285714
2019-11-23,281.6274965873016
2019-11-24,280.21562962301584
2019-11-25,281.5856516071428
2019-11-26,283.21154749999994
2019-11-27,283.5038196825397
2019-11-28,282.78506656746026
2019-11-29,281.14547424603177
2019-11-30,278.4170556746031
2019-12-01,278.12636593253967
2019-12-02,276.44693936507934
2019-12-03,274.9523250396825
2019-12-04,274.4257282142857
2019-12-05,274.53784833333333
2019-12-06,277.6188769642857
2019-12-07,281.3161023015874
2019-12-08,282.10365212301576
2019-12-09,280.1616290873016
2019-12-10,276.9408792261905
2019-12-11,277.79226057539677
2019-12-12,277.94851367063495
2019-12-13,280.39705460317464
2019-12-14,282.2776741666666
2019-12-15,282.36548660714277
2019-12-16,282.7131408928571
2019-12-17,283.8551766269842
2019-12-18,282.42994156746033
2019-12-19,284.33560811507937
2019-12-20,282.6710945039683
2019-12-21,281.0407870238097
2019-12-22,281.36415916666675
2019-12-23,280.90342930555556
2019-12-24,282.61482492063493
2019-12-25,280.30636466269834
2019-12-26,279.28269553571437
2019-12-27,281.1494294444445
2019-12-28,278.7171699206349
2019-12-29,275.333988829365
2019-12-30,275.46084458333326
2019-12-31,275.1162770436508
2020-01-01,276.1562770833333
2020-01-02,278.0575355158731
2020-01-03,280.1956292063491
2020-01-04,278.6071210317461
2020-01-05,277.23984218253946
2020-01-06,276.43186255952384
2020-01-07,279.6005668452381
2020-01-08,281.69016714285726
2020-01-09,282.50162823412694
2020-01-10,280.1289122420635
2020-01-11,277.5980749007937
2020-01-12,277.6022601785715
2020-01-13,279.06235071428586
2020-01-14,281.49581099206347
2020-01-15,281.9105420436506
2020-01-16,281.2030184722222
2020-01-17,280.28237456349206
2020-01-18,276.98086325396827
2020-01-19,275.8253916071429
2020-01-20,275.49562454365093
2020-01-21,274.9033257738097
2020-01-22,275.0763559325396
2020-01-23,275.94818557539696
2020-01-24,276.2499229166667
2020-01-25,277.1339324206348
2020-01-26,278.9582478174604
2020-01-27,280.10886269841274
2020-01-28,279.435918373016
2020-01-29,279.4633679960319
2020-01-30,281.30429257936504
2020-01-31,284.0829465674604
2020-02-01,283.90957351190474
2020-02-02,285.00855212301576
2020-02-03,285.0299704563492
2020-02-04,279.834629781746
2020-02-05,278.2840764285714
2020-02-06,276.71574934523807
2020-02-07,278.0896053968255
2020-02-08,280.1271266468254
2020-02-09,282.4323272619049
2020-02-10,283.4083695833334
2020-02-11,280.27732037698405
2020-02-12,278.5862099404762
2020-02-13,280.1591278174602
2020-02-14,281.1574894642857
2020-02-15,281.6708877380953
2020-02-16,285.0941140873016
2020-02-17,281.57500174603183
2020-02-18,279.51130569444445
2020-02-19,279.8690246626983
2020-02-20,280.6377208333332
2020-02-21,279.0941414880954
2020-02-22,280.5277319246031
2020-02-23,283.0670986309525
2020-02-24,283.0761508333334
2020-02-25,280.7313348015873
2020-02-26,277.55488638888903
2020-02-27,278.31837904761915
2020-02-28,279.1396735515873
2020-03-01,280.303870734127
2020-03-02,279.25123565476184
2020-03-03,277.5252174404762
2020-03-04,278.957585734127
2020-03-05,281.41123865079356
2020-03-06,278.627022361111
2020-03-07,279.1920572420634
2020-03-08,280.81885936507945
2020-03-09,280.2197311111112
2020-03-10,282.53251702380936
2020-03-11,285.16437170634924
2020-03-12,283.1923046428571
2020-03-13,280.56156779761915
2020-03-14,280.38184206349206
2020-03-15,282.40231841269843
2020-03-16,282.3405562301589
2020-03-17,283.3054335317461
2020-03-18,284.11330208333334
2020-03-19,284.90492714285716
2020-03-20,284.41242373015876
2020-03-21,281.67292930555556
2020-03-22,280.92001251984124
2020-03-23,280.5387578571428
2020-03-24,279.6422274206349
2020-03-25,278.7215071031748
2020-03-26,278.087200595238
2020-03-27,279.74297732142867
2020-03-28,282.0932721428571
2020-03-29,279.00690769841265
2020-03-30,277.0974259523809
2020-03-31,278.9710145436508
2020-04-01,279.5357160714287
2020-04-02,279.7256976587302
2020-04-03,280.88763432539685
2020-04-04,282.8995127579365
2020-04-05,285.7857300396825
2020-04-06,285.5702934722222
2020-04-07,286.64112884920627
2020-04-08,287.59328936507933
2020-04-09,288.12103248015865
2020-04-10,288.55710031746037
2020-04-11,288.3760889880952
2020-04-12,287.7761741071428
2020-04-13,285.70710513888883
2020-04-14,282.6983781944445
2020-04-15,284.9260748611111
2020-04-16,288.0262344642858
2020-04-17,288.4546373611111
2020-04-18,287.9925190277777
2020-04-19,286.74631095238084
2020-04-20,287.33156551587297
2020-04-21,286.84374920634923
2020-04-22,287.55661371031755
2020-04-23,288.1356632738094
2020-04-24,288.26039678571436
2020-04-25,287.4808331349207
2020-04-26,286.8361953968254
2020-04-27,287.1302063492064
2020-04-28,285.75408442460315
2020-04-29,285.08394087301593
2020-04-30,284.2384690873015
2020-05-01,284.61080626984136
2020-05-02,285.32277206349204
2020-05-03,286.954877857143
2020-05-04,289.05887867063495
2020-05-05,287.6471760515872
2020-05-06,287.6862157341271
2020-05-07,288.60755573412695
2020-05-08,290.09335678571426
2020-05-09,290.3167900992063
2020-05-10,289.125131686508
2020-05-11,283.2089532341272
2020-05-12,282.3157126984127
2020-05-13,283.4357010714285
2020-05-14,284.0213108928571
2020-05-15,284.96610242063497
2020-05-16,286.0026358531746
2020-05-17,286.8631514880953
2020-05-18,288.5961713690476
2020-05-19,289.86772392857154
2020-05-20,291.94756474206343
2020-05-21,293.25344636904765
2020-05-22,292.3806200396825
2020-05-23,287.43395859126986
2020-05-24,287.1460803174604
2020-05-25,289.4398735515874
2020-05-26,290.79370613095244
2020-05-27,291.1887756349207
2020-05-28,291.1780466666667
2020-05-29,290.8253235714287
2020-05-30,290.73656751984134
2020-05-31,291.01192432539676
2020-06-01,291.5404242857142
2020-06-02,292.8006131349207
2020-06-03,291.0063353968254
2020-06-04,287.1869650396825
2020-06-05,286.39773444444444
2020-06-06,287.1411284523808
2020-06-07,286.35271706349204
2020-06-08,286.59919662698405
2020-06-09,286.3929084126984
2020-06-10,286.67981855158735
2020-06-11,287.68679037698405
2020-06-12,288.4014313690476
2020-06-13,288.91508839285723
2020-06-14,289.19163107142856
2020-06-15,289.4799746428571
2020-06-16,289.2020692063491
2020-06-17,288.3114684325397
2020-06-18,288.3808282738094
2020-06-19,288.8630440674603
2020-06-20,290.3483916468254
2020-06-21,290.7264030357142
2020-06-22,291.6012320634921
2020-06-23,294.19630912698403
2020-06-24,296.6135992460317
2020-06-25,296.9072293253967
2020-06-26,294.5783236507938
2020-06-27,293.2132471626984
2020-06-28,291.5761835714286
2020-06-29,290.8187558928571
2020-06-30,291.58650178571423
2020-07-01,292.78092817460316
2020-07-02,291.0134936111111
2020-07-03,290.09153561507924
2020-07-04,291.37380249999995
2020-07-05,293.26123962301597
2020-07-06,290.6175864880952
2020-07-07,290.41870263888893
2020-07-08,292.6039610119047
2020-07-09,295.14855859126976
2020-07-10,292.476577063492
2020-07-11,291.21827140873
2020-07-12,291.9679769047619
2020-07-13,292.96219533730175
2020-07-14,291.9111708531746
2020-07-15,290.2382320436507
2020-07-16,290.37832404761895
2020-07-17,291.89390585317454
2020-07-18,293.1815394047619
2020-07-19,294.3370947420634
2020-07-20,294.5397418650793
2020-07-21,294.2232454563492
2020-07-22,293.9928813690476
2020-07-23,294.15681154761904
2020-07-24,293.6768142857144
2020-07-25,293.50601111111126
2020-07-26,293.41155454365077
2020-07-27,295.9138176587301
2020-07-28,294.01915303571417
2020-07-29,293.5901816071429
2020-07-30,297.30676214285734
2020-07-31,299.7375674603175
2020-08-01,296.0229619246033
2020-08-02,292.75754097222233
2020-08-03,290.5976154166667
2020-08-04,290.6293170039682
2020-08-05,293.36967315476187
2020-08-06,296.37837859126984
2020-08-07,298.9761233928572
2020-08-08,299.3816017460319
2020-08-09,299.36549829365083
2020-08-10,298.4403750000001
2020-08-11,298.67967031746025
2020-08-12,297.5807160515873
2020-08-13,294.60853795634915
2020-08-14,293.70354444444433
2020-08-15,294.4900291468253
2020-08-16,293.22729144841276
2020-08-17,292.31379329365075
2020-08-18,293.11032849206356
2020-08-19,294.45160694444445
2020-08-20,297.65383448412695
2020-08-21,296.5227620039683
2020-08-22,293.2932637698413
2020-08-23,291.4385365873015
2020-08-24,290.86731952380956
2020-08-25,293.1592492857143
2020-08-26,292.90624974206355
2020-08-27,292.27798797619045
2020-08-28,290.0090090873017
2020-08-29,288.0136656944445
2020-08-30,287.59178956349194
2020-08-31,288.1002830555555
2020-09-01,288.3102368452381
2020-09-02,288.91525121031736
2020-09-03,291.32922059523804
2020-09-04,293.2343042460317
2020-09-05,291.02927968253977
2020-09-06,288.47099787698414
2020-09-07,288.6961469444444
2020-09-08,290.7270634523809
2020-09-09,292.1244413888888
2020-09-10,292.41164152777776
2020-09-11,291.9588716865081
2020-09-12,291.4954102579365
2020-09-13,292.9119043253969
2020-09-14,295.7166473611111
2020-09-15,295.81408
2020-09-16,294.83442043650786
2020-09-17,293.93201682539683
2020-09-18,293.61847341269856
2020-09-19,293.20510833333344
2020-09-20,292.0224800000001
2020-09-21,290.9438742857143
2020-09-22,290.11649055555546
2020-09-23,290.3137206547619
2020-09-24,287.5255416468253
2020-09-25,283.5832616865079
2020-09-26,282.55089055555555
2020-09-27,282.9260000396825
2020-09-28,284.74504043650796
2020-09-29,286.46373313492063
2020-09-30,287.2758598412699
2020-10-01,286.03220924603164
2020-10-02,284.7677796825397
2020-10-03,283.63838690476194
2020-10-04,283.8544735714285
2020-10-05,284.52549077380945
2020-10-06,285.85575589285713
2020-10-07,286.0084568055555
2020-10-08,287.43615642857145
2020-10-09,286.5736998611112
2020-10-10,283.95470085317453
2020-10-11,282.1017054166667
2020-10-12,281.8016727380952
2020-10-13,281.86261662698405
2020-10-14,281.5863472420635
2020-10-15,281.20067878968246
2020-10-16,281.71669964285707
2020-10-17,281.8271207539682
2020-10-18,281.5423937103175
2020-10-19,282.7864838888889
2020-10-20,286.64540113095234
2020-10-21,289.145347857143
2020-10-22,288.0489825198412
2020-10-23,286.6364370634921
2020-10-24,285.8513524206349
2020-10-25,284.43746724206363
2020-10-26,282.2947236706349
2020-10-27,282.90870470238093
2020-10-28,284.8938647222222
2020-10-29,285.31617601190476
2020-10-30,285.6860475396825
2020-10-31,285.17134037698406
2020-11-01,287.70108865079374
2020-11-02,288.2926798412699
2020-11-03,282.4850808928571
2020-11-04,279.5627274999999
2020-11-05,280.3174672023809
2020-11-06,282.2744590674603
2020-11-07,284.98602259920625
2020-11-08,285.7828785714285
2020-11-09,285.20917648809535
2020-11-10,283.9485426388889
2020-11-11,283.0426799404762
2020-11-12,283.56161333333324
2020-11-13,284.36831244047636
2020-11-14,285.13382696428584
2020-11-15,285.5037805357143
2020-11-16,283.15714271825397
2020-11-17,282.40557851190476
2020-11-18,283.1317362698413
2020-11-19,281.93122430555553
2020-11-20,278.3763747420635
2020-11-21,277.2919774007936
2020-11-22,277.8974925595238
2020-11-23,278.87899027777775
2020-11-24,278.3971587698413
2020-11-25,280.12595642857144
2020-11-26,280.2566226388887
2020-11-27,280.5987274206349
2020-11-28,279.79921099206337
2020-11-29,276.9479730357142
2020-11-30,275.3338396626984
2020-12-01,277.8819677380951
2020-12-02,277.4152264484126
2020-12-03,278.20741994047614
2020-12-04,277.25566289682547
2020-12-05,276.00135525793655
2020-12-06,276.17785950396836
2020-12-07,275.66078694444434
2020-12-08,275.87637196428574
2020-12-09,275.53961039682537
2020-12-10,276.8381755357143
2020-12-11,279.6077917261905
2020-12-12,280.1441260119048
2020-12-13,279.1568988690476
2020-12-14,281.4401347619048
2020-12-15,281.72390408730155
2020-12-16,280.98980726190484
2020-12-17,281.23533
2020-12-18,280.6099187103175
2020-12-19,282.1461887301587
2020-12-20,281.1710797619048
2020-12-21,281.8858536706349
2020-12-22,284.9237740674603
2020-12-23,283.89799212301585
2020-12-24,279.6487138492062
2020-12-25,275.7433507142858
2020-12-26,274.7625066666666
2020-12-27,276.56409573412685
2020-12-28,277.0882985515874
2020-12-29,276.84414684523796
2020-12-30,276.09558246031753
2020-12-31,276.06765759920637
2021-01-01,273.97161464285705
2021-01-02,273.41672023809525
2021-01-03,273.9930523015873
2021-01-04,273.62427714285707
2021-01-05,273.8325008531746
2021-01-06,273.86541353174596
2021-01-07,273.38441105158734
2021-01-08,272.39971378968266
2021-01-09,272.38103779761906
2021-01-10,272.4525210714286
2021-01-11,272.51927279761895
2021-01-12,276.89159011904763
2021-01-13,279.1994227777777
2021-01-14,279.32245593253964
2021-01-15,275.42791214285717
2021-01-16,273.2050258928572
2021-01-17,276.85789170634916
2021-01-18,275.66633315476184
2021-01-19,277.0010140277779
2021-01-20,280.87966037698413
2021-01-21,281.65204293650794
2021-01-22,278.9759392658729
2021-01-23,276.7464225992063
2021-01-24,275.2437930753967
2021-01-25,275.33611634920635
2021-01-26,274.20711432539673
2021-01-27,278.2594185119048
2021-01-28,283.222778829365
2021-01-29,282.93654527777784
2021-01-30,281.1630978174603
2021-01-31,280.2603085119047
2021-02-01,281.53325710317466
2021-02-02,283.53656853174607
2021-02-03,283.0901391468254
2021-02-04,281.1282874404763
2021-02-05,281.72736926587305
2021-02-06,280.8493749404762
2021-02-07,277.1663840674602
2021-02-08,274.73778267857136
2021-02-09,274.2095767063493
2021-02-10,273.1077812698413
2021-02-11,272.2203659920636
2021-02-12,272.2781427380952
2021-02-13,271.3760212103175
2021-02-14,273.2226261111112
2021-02-15,278.53808886904767
2021-02-16,281.106968452381
2021-02-17,281.6660281746031
2021-02-18,281.3905814087301
2021-02-19,282.4302634523809
2021-02-20,284.4119257142856
2021-02-21,284.34457654761906
2021-02-22,283.95347603174605
2021-02-23,284.935775218254
2021-02-24,285.138765515873
2021-02-25,283.4270517460317
2021-02-26,280.8879450396825
2021-02-27,279.2134955555555
2021-02-28,279.123015734127
2021-03-01,280.35361269841275
2021-03-02,281.6887715873017
2021-03-03,281.9612092063492
2021-03-04,281.0301544444444
2021-03-05,278.68533482142874
2021-03-06,277.34812625000006
2021-03-07,277.73747162698413
2021-03-08,277.6131344642856
2021-03-09,277.3847194047619
2021-03-10,278.8633725198412
2021-03-11,282.83082375
2021-03-12,280.66301267857136
2021-03-13,280.46006742063486
2021-03-14,279.16843501984124
2021-03-15,280.1923259523809
2021-03-16,279.93370331349206
2021-03-17,279.5036947619046
2021-03-18,277.6254840476189
2021-03-19,277.3670935119048
2021-03-20,276.79756581349204
2021-03-21,277.9891767857143
2021-03-22,278.4674905555555
2021-03-23,279.4272872222221
2021-03-24,281.4028166269841
2021-03-25,281.81487575396824
2021-03-26,282.1482660317461
2021-03-27,280.85148152777776
2021-03-28,282.08033065476195
2021-03-29,285.2173361904762
2021-03-30,287.2170212301588
2021-03-31,288.1368808531747
2021-04-01,288.0291506746032
2021-04-02,284.45442543650796
2021-04-03,281.15170972222205
2021-04-04,280.79427626984125
2021-04-05,279.75181365079357
2021-04-06,276.36748900793646
2021-04-07,276.3879744444445
2021-04-08,279.3539756150792
2021-04-09,282.49640015873
2021-04-10,282.91073436507935
2021-04-11,280.26035807539677
2021-04-12,278.08733390873005
2021-04-13,278.5247914880953
2021-04-14,278.85042337301576
2021-04-15,278.49750577380956
2021-04-16,278.60071458333334
2021-04-17,279.98498986111105
2021-04-18,280.7226967460318
2021-04-19,281.9206192857142
2021-04-20,283.4214484126984
2021-04-21,283.91605511904766
2021-04-22,284.24004644841267
2021-04-23,285.4924223809523
2021-04-24,286.5424207142857
2021-04-25,285.60029015873016
2021-04-26,284.6901098412698
2021-04-27,284.8189680952381
2021-04-28,284.12459452380955
2021-04-29,282.84101392857144
2021-04-30,282.0424461111112
2021-05-01,281.4364484920635
2021-05-02,281.10181698412686
2021-05-03,282.7356482142858
2021-05-04,283.96055039682534
2021-05-05,282.60267940476194
2021-05-06,282.66755210317456
2021-05-07,283.820562797619
2021-05-08,288.01900208333313
2021-05-09,290.57521236111114
2021-05-10,286.6817487301588
2021-05-11,284.0769867261905
2021-05-12,284.0529405952382
2021-05-13,283.8360614285713
2021-05-14,283.7505997222222
2021-05-15,284.06279874999996
2021-05-16,285.0028836904762
2021-05-17,284.67196249999995
2021-05-18,284.0945411507937
2021-05-19,283.76322172619047
2021-05-20,285.360803234127
2021-05-21,285.4689378373015
2021-05-22,284.2100706944443
2021-05-23,284.73697259920635
2021-05-24,283.9627750595238
2021-05-25,284.26124057539687
2021-05-26,284.99207890873015
2021-05-27,286.84878249999997
2021-05-28,288.70204432539674
2021-05-29,289.8178047222224
2021-05-30,289.74381255952375
2021-05-31,290.5412241269843
2021-06-01,291.7884191269843
2021-06-02,291.53076680555563
2021-06-03,291.7704660119049
2021-06-04,289.8109474603173
2021-06-05,288.5682432142857
2021-06-06,289.11764835317456
2021-06-07,290.16986125000005
2021-06-08,291.38811242063485
2021-06-09,292.27636577380974
2021-06-10,292.78748287698414
2021-06-11,293.36262283730156
2021-06-12,293.15678894841267
2021-06-13,293.9715022817461
2021-06-14,294.97871867063486
2021-06-15,295.283810297619
2021-06-16,296.4914819642856
2021-06-17,294.69632208333326
2021-06-18,294.4599313888889
2021-06-19,293.4233786309523
2021-06-20,291.93342444444454
2021-06-21,291.2366471031746
2021-06-22,289.2074023214287
2021-06-23,288.9168518849208
2021-06-24,288.7927167460318
2021-06-25,289.41440319444433
2021-06-26,291.21785402777795
2021-06-27,291.40373789682536
2021-06-28,290.46012628968265
2021-06-29,289.0016290873015
2021-06-30,288.8376142460317
2021-07-01,290.6842639285715
2021-07-02,292.5472678174604
2021-07-03,292.01421740079377
2021-07-04,290.67462371031746
2021-07-05,291.9567932539682
2021-07-06,290.5653089484127
2021-07-07,290.4348322222222
2021-07-08,289.75967174603176
2021-07-09,290.3431006150794
2021-07-10,290.36169496031744
2021-07-11,291.50912182539685
2021-07-12,290.35740444444434
2021-07-13,288.81663162698413
2021-07-14,289.37839831349197
2021-07-15,290.67920369047613
2021-07-16,290.71557777777787
2021-07-17,292.1156645436508
2021-07-18,294.9220763095239
2021-07-19,295.7772111507936
2021-07-20,295.3833146230158
2021-07-21,295.2753092857144
2021-07-22,295.49713511904775
2021-07-23,295.3999389087302
2021-07-24,292.9877068253969
2021-07-25,292.0165360317461
2021-07-26,292.1170919246032
2021-07-27,291.40886158730154
2021-07-28,291.37492023809517
2021-07-29,291.75650501984126
2021-07-30,291.5287927579365
2021-07-31,289.89536535714296
2021-08-01,289.26547311507926
2021-08-02,289.8314248412699
2021-08-03,289.02452533730167
2021-08-04,289.35969545634936
2021-08-05,290.86637517857145
2021-08-06,291.15361015873015
2021-08-07,289.70740936507946
2021-08-08,289.53942388888885
2021-08-09,290.54219369047627
2021-08-10,292.5975554166667
2021-08-11,293.8710093849206
2021-08-12,295.31455400793647
2021-08-13,295.089235952381
2021-08-14,296.110631031746
2021-08-15,294.9591311706349
2021-08-16,291.0810402380952
2021-08-17,289.4653042658731
2021-08-18,289.94773950396836
2021-08-19,290.4770607936507
2021-08-20,291.93601767857143
2021-08-21,292.8339763095239
2021-08-22,291.8637312500001
2021-08-23,290.8108906349207
2021-08-24,291.1110861706349
2021-08-25,291.018452063492
2021-08-26,290.3101917460318
2021-08-27,289.5452182142856
2021-08-28,289.0787044841269
2021-08-29,289.052364702381
2021-08-30,289.7478759523809
2021-08-31,290.37133309523807
2021-09-01,290.55230992063497
2021-09-02,291.35205744047624
2021-09-03,291.9873696626984
2021-09-04,292.492065873016
2021-09-05,293.4444201785715
2021-09-06,294.42112087301587
2021-09-07,294.91571876984125
2021-09-08,294.31208222222205
2021-09-09,292.6547208730158
2021-09-10,291.48891126984125
2021-09-11,290.5531344246032
2021-09-12,290.5522981547618
2021-09-13,292.2164495039683
2021-09-14,293.11139486111114
2021-09-15,291.9602535515872
2021-09-16,290.1892339484128
2021-09-17,289.7448606944446
2021-09-18,289.43462351190476
2021-09-19,288.0417170833335
2021-09-20,287.77175150793653
2021-09-21,287.4483463095238
2021-09-22,287.39169136904763
2021-09-23,287.9948298015874
2021-09-24,289.0081625198412
2021-09-25,290.0639112698413
2021-09-26,290.3136783928573
2021-09-27,288.87448486111106
2021-09-28,287.02871327380956
2021-09-29,286.62538793650793
2021-09-30,284.71720674603176
2021-10-01,286.03452
2021-10-02,288.6892370238094
2021-10-03,287.94921857142873
2021-10-04,285.67515541666666
2021-10-05,285.39918057539694
2021-10-06,284.6015707142857
2021-10-07,284.7362376587302
2021-10-08,285.2319451190476
2021-10-09,284.8208952579365
2021-10-10,283.9796679960317
2021-10-11,283.5688497619048
2021-10-12,283.2992083928571
2021-10-13,282.69070109126994
2021-10-14,282.1226050396825
2021-10-15,282.9140406349206
2021-10-16,282.9569831746033
2021-10-17,283.2955558730159
2021-10-18,285.17795125000004
2021-10-19,288.7999908730159
2021-10-20,289.14239904761916
2021-10-21,285.14035537698413
2021-10-22,281.9139822619048
2021-10-23,281.4996540674602
2021-10-24,281.6438226587301
2021-10-25,283.5933763095238
2021-10-26,284.25895134920637
2021-10-27,283.19501771825384
2021-10-28,284.0407405555555
2021-10-29,285.47626253968264
2021-10-30,285.67950986111117
2021-10-31,286.3012199206349
2021-11-01,283.32315430555565
2021-11-02,281.73064158730136
2021-11-03,280.34939365079373
2021-11-04,279.47808946428574
2021-11-05,279.57424894841273
2021-11-06,278.6156427380953
2021-11-07,280.4382598015873
2021-11-08,280.0179097222223
2021-11-09,278.6056421428572
2021-11-10,278.57801228174606
2021-11-11,279.54134321428563
2021-11-12,280.15142434523807
2021-11-13,282.4956824404762
2021-11-14,282.4050503174604
2021-11-15,280.57100984126976
2021-11-16,279.8773026388891
2021-11-17,280.314579345238
2021-11-18,280.03347319444447
2021-11-19,279.4822365873016
2021-11-20,278.92520055555553
2021-11-21,278.50614148809507
2021-11-22,278.50106240079356
2021-11-23,277.7316051190477
2021-11-24,277.1423779761905
2021-11-25,276.79180900793654
2021-11-26,276.8600800793652
2021-11-27,276.2707301388888
2021-11-28,275.5601298412698
2021-11-29,274.61574644841266
2021-11-30,276.75444436507934
2021-12-01,279.6693369841269
2021-12-02,276.5840267460317
2021-12-03,276.18488454365075
2021-12-04,280.07517496031744
2021-12-05,276.9794246031746
2021-12-06,277.3572446825397
2021-12-07,278.3700523611111
2021-12-08,277.32724688492056
2021-12-09,276.44593355158725
2021-12-10,277.76808384920645
2021-12-11,277.0611888095238
2021-12-12,279.0583649404762
2021-12-13,278.8107115277779
2021-12-14,277.6147327182539
2021-12-15,277.92154458333346
2021-12-16,278.2928839880953
2021-12-17,277.77930873015873
2021-12-18,276.8840236706349
2021-12-19,275.90097533730153
2021-12-20,275.43482680555564
2021-12-21,273.461108234127
2021-12-22,273.02848672619047
2021-12-23,277.9464002182541
2021-12-24,280.9965835515874
2021-12-25,280.95303416666655
2021-12-26,280.9757470238096
2021-12-27,282.0634249801588
2021-12-28,283.7234714484126
2021-12-29,284.928492281746
2021-12-30,285.1707910317459
2021-12-31,282.66996224206355
2022-01-01,282.01041789682534
2022-01-02,282.95026744047624
2022-01-03,283.0112291269841
2022-01-04,281.71026184523805
2022-01-05,276.190255218254
2022-01-06,274.84362531746035
2022-01-07,276.4160056150793
2022-01-08,278.79424180555554
2022-01-09,278.24778174603165
2022-01-10,277.19425803571437
2022-01-11,275.4848386507936
2022-01-12,274.4218728968253
2022-01-13,273.96618785714287
2022-01-14,273.88118198412695
2022-01-15,273.23439011904753
2022-01-16,274.047075595238
2022-01-17,275.92132916666674
2022-01-18,276.0139029166668
2022-01-19,276.15277555555554
2022-01-20,276.5306503174603
2022-01-21,274.91157277777774
2022-01-22,275.27234436507945
2022-01-23,275.7155630158732
2022-01-24,274.89966396825383
2022-01-25,273.73000339285727
2022-01-26,273.74958422619045
2022-01-27,274.8255538492063
2022-01-28,276.4297333333333
2022-01-29,277.8151850595238
2022-01-30,278.53414198412696
2022-01-31,278.3330301984126
2022-02-01,278.14047013888893
2022-02-02,280.9891209920635
2022-02-03,279.324365138889
2022-02-04,279.59000101190475
2022-02-05,277.87755767857135
2022-02-06,279.5723708928572
2022-02-07,279.53353692460314
2022-02-08,278.84056371031744
2022-02-09,279.3064578968254
2022-02-10,279.76495351190476
2022-02-11,277.54114248015895
2022-02-12,275.83176880952385
2022-02-13,279.644174484127
2022-02-14,280.4721518055556
2022-02-15,279.4838261111113
2022-02-16,282.8838634126985
2022-02-17,284.06946587301593
2022-02-18,282.72861293650794
2022-02-19,279.19554011904773
2022-02-20,281.56365625000007
2022-02-21,280.5961616666667
2022-02-22,280.98405976190486
2022-02-23,280.95819436507935
2022-02-24,280.20915984126987
2022-02-25,277.7046452380952
2022-02-26,277.2127123611111
2022-02-27,277.8343875396825
2022-02-28,278.64919013888897
2022-03-01,279.6130610714286
2022-03-02,280.11024244047616
2022-03-03,281.1004344047619
2022-03-04,280.0015390476191
2022-03-05,278.16807063492047
2022-03-06,276.7297732341269
2022-03-07,275.5607351388889
2022-03-08,278.06225236111106
2022-03-09,280.5161787301587
2022-03-10,281.71026628968264
2022-03-11,282.1568504761905
2022-03-12,281.48341125000013
2022-03-13,280.92700210317463
2022-03-14,281.47180896825387
2022-03-15,283.67041253968245
2022-03-16,283.6443230357144
2022-03-17,281.788541468254
2022-03-18,281.7117628174602
2022-03-19,282.44832309523804
2022-03-20,281.6374910119048
2022-03-21,283.5098944642857
2022-03-22,282.87604801587304
2022-03-23,282.5114660714285
2022-03-24,283.23978785714297
2022-03-25,283.9881344444446
2022-03-26,284.4667576984127
2022-03-27,284.898715515873
2022-03-28,285.3743305753968
2022-03-29,284.869904047619
2022-03-30,282.54466305555553
2022-03-31,279.3731022817462
2022-04-01,275.2167380753969
2022-04-02,275.1843860912698
2022-04-03,275.3735160714285
2022-04-04,277.3857929960316
2022-04-05,281.22980986111116
2022-04-06,282.6159622619046
2022-04-07,283.72846444444446
2022-04-08,282.3162066071428
2022-04-09,279.19106244047623
2022-04-10,280.412797420635
2022-04-11,284.63232031746037
2022-04-12,286.4857302380953
2022-04-13,286.0353906746032
2022-04-14,287.09931876984143
2022-04-15,287.6758393253967
2022-04-16,286.70242871031724
2022-04-17,285.67451946428577
2022-04-18,284.805999702381
2022-04-19,284.30185744047617
2022-04-20,284.4900338095239
2022-04-21,285.22736073412693
2022-04-22,285.63634190476176
2022-04-23,285.0264840079365
2022-04-24,284.48067180555546
2022-04-25,284.0575217460319
2022-04-26,284.11970027777767
2022-04-27,285.1238671230159
2022-04-28,286.6899422222222
2022-04-29,286.34027775793646
2022-04-30,284.8923752182541
2022-05-01,284.6983783928572
2022-05-02,285.84040246031753
2022-05-03,286.23475619047633
2022-05-04,285.7400366071428
2022-05-05,285.7180217460319
2022-05-06,286.6162083730157
2022-05-07,287.64212841269847
2022-05-08,288.12563301587306
2022-05-09,289.78123285714275
2022-05-10,291.14751867063495
2022-05-11,291.2398372817461
2022-05-12,289.1958383730159
2022-05-13,289.0238843650795
2022-05-14,290.39853765873016
2022-05-15,292.6613346428572
2022-05-16,291.9911383730159
2022-05-17,293.542651845238
2022-05-18,294.2338668849206
2022-05-19,293.61752331349203
2022-05-20,292.4601782142857
2022-05-21,291.8287943849206
2022-05-22,292.66424132936515
2022-05-23,289.6586492460318
2022-05-24,286.7263837896825
2022-05-25,287.31489087301577
2022-05-26,288.45299313492063
2022-05-27,289.1943809523809
2022-05-28,288.5083646031745
2022-05-29,286.37510660714287
2022-05-30,286.81376845238094
2022-05-31,288.38962194444446
2022-06-01,289.4607253174603
2022-06-02,291.4926603373016
2022-06-03,292.3679765674604
2022-06-04,293.3115719841269
2022-06-05,291.02819966269846
2022-06-06,290.2629175396825
2022-06-07,290.2944078174603
2022-06-08,289.0358432936507
2022-06-09,289.0092864087303
2022-06-10,291.15751327380957
2022-06-11,292.98243964285723
2022-06-12,292.74785067460317
2022-06-13,291.91098115079376
2022-06-14,293.48550775793655
2022-06-15,296.0880929761905
2022-06-16,296.4390500793651
2022-06-17,298.18836692460314
2022-06-18,299.5709810119047
2022-06-19,295.98622160714285
2022-06-20,293.92439263888895
2022-06-21,293.79224410714284
2022-06-22,293.0943133730158
2022-06-23,293.11660261904774
2022-06-24,291.22417220238106
2022-06-25,290.4324824603174
2022-06-26,289.8541843452381
2022-06-27,290.01774311507927
2022-06-28,291.13385581349223
2022-06-29,292.03231412698415
2022-06-30,288.759130436508
2022-07-01,289.0749939285714
2022-07-02,292.0301403571428
2022-07-03,292.87538555555557
2022-07-04,292.3934078373016
2022-07-05,292.6958954563492
2022-07-06,292.321440952381
2022-07-07,291.87406575396824
2022-07-08,292.70288468253966
2022-07-09,294.24353958333336
2022-07-10,293.9871298809524
2022-07-11,295.4057370436508
2022-07-12,296.9603759523809
2022-07-13,297.7678716468255
2022-07-14,297.25114277777783
2022-07-15,295.15152000000006
2022-07-16,295.41863648809516
2022-07-17,297.1179982936508
2022-07-18,300.4482034920635
2022-07-19,300.0548568055555
2022-07-20,294.86073283730155
2022-07-21,294.7497350992064
2022-07-22,294.7596413888889
2022-07-23,294.6152982936507
2022-07-24,297.2401645833333
2022-07-25,295.36187666666666
2022-07-26,292.8420596428572
2022-07-27,292.70675410714284
2022-07-28,293.7383484523809
2022-07-29,294.04677255952384
2022-07-30,295.03355470238085
2022-07-31,295.6733870634921
2022-08-01,295.4865216071429
2022-08-02,296.45753664682536
2022-08-03,298.5556544444444
2022-08-04,297.7125174999999
2022-08-05,294.78055875
2022-08-06,293.8532503968255
2022-08-07,294.2885244047619
2022-08-08,295.4560553571429
2022-08-09,296.62822537698406
2022-08-10,297.689896111111
2022-08-11,298.14625744047623
2022-08-12,298.520455734127
2022-08-13,297.863036547619
2022-08-14,294.1796706746032
2022-08-15,293.2427560119047
2022-08-16,293.8576480753968
2022-08-17,292.5761536706348
2022-08-18,292.2245050396825
2022-08-19,292.4959490079366
2022-08-20,292.63528091269836
2022-08-21,292.3668457142856
2022-08-22,293.5690058134921
2022-08-23,294.7933573214285
2022-08-24,296.5640645039683
2022-08-25,295.72766835317447
2022-08-26,293.6170528968253
2022-08-27,293.0250597619048
2022-08-28,293.7742752380952
2022-08-29,295.06003565476175
2022-08-30,294.15531817460305
2022-08-31,293.6842889880953
2022-09-01,293.5867618650793
2022-09-02,292.19282775793647
2022-09-03,292.16041363095246
2022-09-04,293.90502910714287
2022-09-05,294.86124926587297
2022-09-06,293.58340686507944
2022-09-07,291.5835084920635
2022-09-08,290.5089760714286
2022-09-09,289.8716998015874
2022-09-10,289.71030448412705
2022-09-11,290.9693342063491
2022-09-12,293.894679722222
2022-09-13,294.8778778571428
2022-09-14,293.16775519841275
2022-09-15,290.9631429960318
2022-09-16,288.1110194841271
2022-09-17,285.18628275793645
2022-09-18,285.51456490079363
2022-09-19,286.15664591269837
2022-09-20,285.96551503968243
2022-09-21,286.2355806746031
2022-09-22,286.5545573214286
2022-09-23,287.20297150793647
2022-09-24,286.9760598809523
2022-09-25,285.90719275793646
2022-09-26,285.0790339285714
2022-09-27,285.07691775793654
2022-09-28,285.4001008531747
2022-09-29,283.83241676587284
2022-09-30,283.8339394642858
2022-10-01,287.34037591269845
2022-10-02,288.78365986111106
2022-10-03,286.590794126984
2022-10-04,286.4217962500001
2022-10-05,288.6849332539683
2022-10-06,287.0598219047619
2022-10-07,286.60588678571435
2022-10-08,286.15673932539687
2022-10-09,285.83462706349184
2022-10-10,287.8041228769839
2022-10-11,286.5896740674604
2022-10-12,286.1718901984128
2022-10-13,286.72974069444444
2022-10-14,288.3406949603174
2022-10-15,289.03485547619056
2022-10-16,290.223687797619
2022-10-17,290.4630334722222
2022-10-18,290.25933841269836
2022-10-19,289.9645124404762
2022-10-20,289.98977045634916
2022-10-21,289.67268232142857
2022-10-22,289.16688303571436
2022-10-23,290.4886582936507
2022-10-24,288.93058005952395
2022-10-25,288.0757758928571
2022-10-26,289.5914893849206
2022-10-27,290.50651535714286
2022-10-28,290.9887334126985
2022-10-29,290.4940068452382
2022-10-30,287.9905307936508
2022-10-31,288.0653681746032
2022-11-01,286.57049337301595
2022-11-02,285.0066313095237
2022-11-03,284.27499896825395
2022-11-04,282.08607859126977
2022-11-05,281.05897212301596
2022-11-06,282.356633611111
2022-11-07,285.0221726785714
2022-11-08,286.19665980158726
2022-11-09,285.0215329365078
2022-11-10,282.60961591269853
2022-11-11,282.8661236111112
2022-11-12,283.5632917261906
2022-11-13,282.72752119047624
2022-11-14,283.09833960317457
2022-11-15,284.31641837301584
2022-11-16,283.9689321230159
2022-11-17,284.2073287698412
2022-11-18,281.3347099404761
2022-11-19,279.361347420635
2022-11-20,279.73858744047607
2022-11-21,279.989424702381
2022-11-22,280.0559055753968
2022-11-23,281.2136361507936
2022-11-24,281.72779468253964
2022-11-25,281.05987642857144
2022-11-26,279.24642553571437
2022-11-27,280.1879303769841
2022-11-28,280.6758942261905
2022-11-29,278.90647960317455
2022-11-30,278.17204065476193
2022-12-01,277.3707092261905
2022-12-02,276.4198164682538
2022-12-03,275.97323416666654
2022-12-04,275.85542339285723
2022-12-05,275.69995412698415
2022-12-06,275.70039188492063
2022-12-07,275.5001263492063
2022-12-08,274.72600579365087
2022-12-09,274.6688996825397
2022-12-10,272.8991285317458
2022-12-11,271.20961861111095
2022-12-12,271.1974463888889
2022-12-13,273.18117940476196
2022-12-14,276.38596553571426
2022-12-15,275.4179895833333
2022-12-16,273.7720457539682
2022-12-17,270.87014357142857
2022-12-18,274.2826885515872
2022-12-19,282.18841537698404
2022-12-20,283.8310075198413
2022-12-21,283.2992719047619
2022-12-22,284.3837824206349
2022-12-23,285.41870978174603
2022-12-24,283.5274322023809
2022-12-25,283.40687644841273
2022-12-26,282.39927884920627
2022-12-27,279.25182154761904
2022-12-28,281.653746170635
2022-12-29,282.21982166666675
2022-12-30,282.9730469047618
2022-12-31,286.5388311111111
2023-01-01,285.5310914285715
2023-01-02,282.87269373015886
2023-01-03,280.234741468254
2023-01-04,281.90385240079365
2023-01-05,283.27762065476185
2023-01-06,282.3315034920635
2023-01-07,281.8877792261904
2023-01-08,281.4845996626984
2023-01-09,279.3614567063493
2023-01-10,279.8961387301588
2023-01-11,281.6121248412699
2023-01-12,281.8114222619047
2023-01-13,281.348696547619
2023-01-14,281.5182900396824
2023-01-15,279.2415138095237
2023-01-16,277.48590716269837
2023-01-17,275.3056518055556
2023-01-18,273.87996652777775
2023-01-19,273.5196532341271
2023-01-20,273.546862063492
2023-01-21,273.0824763095238
2023-01-22,272.32200704365084
2023-01-23,273.60798390873015
2023-01-24,274.6498393849207
2023-01-25,273.8782269047619
2023-01-26,274.410506984127
2023-01-27,275.09739793650795
2023-01-28,274.83773543650796
2023-01-29,273.94122134920633
2023-01-30,275.53036146825383
2023-01-31,277.4568991865078
2023-02-01,278.8382627380953
2023-02-02,279.04256740079364
2023-02-03,279.3520946626984
2023-02-04,279.956156031746
2023-02-05,278.9791280753968
2023-02-06,276.6295994841269
2023-02-07,274.89510099206353
2023-02-08,273.7904288888888
2023-02-09,273.93436523809515
2023-02-10,275.3252698015874
2023-02-11,276.4645549007936
2023-02-12,277.6906917460318
2023-02-13,277.8662375198413
2023-02-14,278.5144604365079
2023-02-15,279.3026424007937
2023-02-16,280.54711849206353
2023-02-17,282.8504555753967
2023-02-18,282.9549579166666
2023-02-19,281.57235682539675
2023-02-20,280.20919371031755
2023-02-21,280.84243420634914
2023-02-22,281.17969505952397
2023-02-23,280.53350789682526
2023-02-24,279.9058285317459
2023-02-25,277.794258234127
2023-02-26,274.82370077380955
2023-02-27,274.30277232142845
2023-02-28,273.87233714285696
2023-03-01,274.71124680555556
2023-03-02,275.72753845238105
2023-03-03,276.74172363095227
2023-03-04,276.9346648214285
2023-03-05,276.6523105753969
2023-03-06,276.50008751984126
2023-03-07,277.39638787698425
2023-03-08,281.96091113095235
2023-03-09,284.152160734127
2023-03-10,281.2185643650794
2023-03-11,280.58968609126987
2023-03-12,283.92231621031743
2023-03-13,286.0469082936508
2023-03-14,281.12693204365087
2023-03-15,279.6029371626984
2023-03-16,282.7894924603175
2023-03-17,284.2983746428571
2023-03-18,283.66076742063484
2023-03-19,282.2877431944444
2023-03-20,281.6242781150794
2023-03-21,283.0069668253969
2023-03-22,284.4908926785714
2023-03-23,286.25032992063495
2023-03-24,284.443850376984
2023-03-25,283.22919757936495
2023-03-26,281.9256222817461
2023-03-27,279.6541656547619
2023-03-28,280.31291501984117
2023-03-29,286.8816528769842
2023-03-30,286.52616722222217
2023-03-31,284.4796873412698
2023-04-01,282.29260559523806
2023-04-02,280.9054543055556
2023-04-03,279.7826971230159
2023-04-04,278.7417585515874
2023-04-05,279.57489668650805
2023-04-06,281.61282587301577
2023-04-07,281.6037054166667
2023-04-08,281.91707363095236
2023-04-09,283.6432556150794
2023-04-10,284.5811377380952
2023-04-11,283.85305543650804
2023-04-12,282.42451289682543
2023-04-13,280.36613759920647
2023-04-14,280.98657934523806
2023-04-15,282.2020145436508
2023-04-16,281.908398968254
2023-04-17,282.4998951984127
2023-04-18,283.25691091269846
2023-04-19,285.0295260714286
2023-04-20,282.4991119047619
2023-04-21,282.8449937103175
2023-04-22,284.6789728968254
2023-04-23,284.1865001587301
2023-04-24,283.378650297619
2023-04-25,282.5833511111112
2023-04-26,283.9805980357143
2023-04-27,287.0419490674602
2023-04-28,289.2125259325398
2023-04-29,287.0237059325397
2023-04-30,286.2218274206348
2023-05-01,285.5632802380953
2023-05-02,285.94214472222217
2023-05-03,287.5860761706349
2023-05-04,289.3651290476191
2023-05-05,288.0817763293651
2023-05-06,288.90574309523805
2023-05-07,287.82304924603187
2023-05-08,287.8079771626984
2023-05-09,286.8808675198412
2023-05-10,285.200377936508
2023-05-11,284.7219317063492
2023-05-12,284.4679844047619
2023-05-13,285.7382526587302
2023-05-14,285.8407395833333
2023-05-15,285.52057382936505
2023-05-16,284.18109825396823
2023-05-17,284.4572783333334
2023-05-18,284.8287586904762
2023-05-19,286.01042926587303
2023-05-20,287.3513146626984
2023-05-21,288.58131037698416
2023-05-22,289.30415236111105
2023-05-23,288.2646265277778
2023-05-24,287.34093132936505
2023-05-25,287.6557720436507
2023-05-26,289.8853831150794
2023-05-27,291.2522314285714
2023-05-28,291.67389126984125
2023-05-29,290.99155630952373
2023-05-30,290.6179469246032
2023-05-31,290.87171567460314
2023-06-01,291.42606049603165
2023-06-02,290.0685300793651
2023-06-03,290.7618825
2023-06-04,291.46057724206355
2023-06-05,291.61816204365067
2023-06-06,291.81334896825405
2023-06-07,292.8714826984126
2023-06-08,293.5576162103175
2023-06-09,293.4485281349206
2023-06-10,293.68540498015864
2023-06-11,293.3836654761905
2023-06-12,293.01115799603167
2023-06-13,293.14703992063494
2023-06-14,293.5126193452382
2023-06-15,293.17038867063496
2023-06-16,293.77454339285714
2023-06-17,294.9995420833334
2023-06-18,293.95939111111113
2023-06-19,293.635172797619
2023-06-20,294.24474446428576
2023-06-21,294.192820595238
2023-06-22,292.6589975992064
2023-06-23,293.3328830753968
2023-06-24,295.0249875198412
2023-06-25,296.3971771626982
2023-06-26,293.41458263888876
2023-06-27,292.12606208333335
2023-06-28,293.1039398809523
2023-06-29,293.1649179166666
2023-06-30,290.5970081150794
2023-07-01,290.96933085317454
2023-07-02,291.5702964484126
2023-07-03,291.72254412698413
2023-07-04,291.7020987301587
2023-07-05,290.6518385515873
2023-07-06,292.33697646825397
2023-07-07,295.8296393849206
2023-07-08,297.14770755952384
2023-07-09,296.1803184722222
2023-07-10,296.06113809523805
2023-07-11,296.4922913888889
2023-07-12,293.21185470238095
2023-07-13,292.0696055753969
2023-07-14,294.77640178571426
2023-07-15,293.9739820436509
2023-07-16,292.24506547619046
2023-07-17,292.9034898214287
2023-07-18,294.914894186508
2023-07-19,293.837968095238
2023-07-20,292.865465515873
2023-07-21,291.80810132936506
2023-07-22,292.0157460912698
2023-07-23,293.6147130158729
2023-07-24,292.4455603968254
2023-07-25,289.73582071428575
2023-07-26,290.3291716468252
2023-07-27,292.43528781746033
2023-07-28,293.4120941865081
2023-07-29,293.22311726190463
2023-07-30,291.7705708730158
2023-07-31,292.1238971825397
2023-08-01,291.9391629960316
2023-08-02,292.604261904762
2023-08-03,290.4064152380953
2023-08-04,289.4798079563493
2023-08-05,289.10916456349213
2023-08-06,288.71528543650805
2023-08-07,289.07590646825395
2023-08-08,290.6423468055556
2023-08-09,292.7920564880953
2023-08-10,294.50523640873007
2023-08-11,294.8333007738095
2023-08-12,294.5059355555556
2023-08-13,293.8226554365081
2023-08-14,294.5058358531746
2023-08-15,293.9221386507936
2023-08-16,294.4194230357143
2023-08-17,295.808484702381
2023-08-18,297.2432549007936
2023-08-19,296.9319895833333
2023-08-20,297.1135184325397
2023-08-21,297.33508081349214
2023-08-22,297.76829692460313
2023-08-23,298.36673918650786
2023-08-24,297.8589115674603
2023-08-25,293.7069028571429
2023-08-26,290.61950343253966
2023-08-27,289.0593128968255
2023-08-28,288.6166476388889
2023-08-29,288.3752996031747
2023-08-30,288.65063444444445
2023-08-31,289.58196214285715
2023-09-01,292.38573448412694
2023-09-02,293.4426575992064
2023-09-03,295.2701397420634
2023-09-04,296.6461300198413
2023-09-05,296.9041509325397
2023-09-06,296.26133900793656
2023-09-07,296.26633638888893
2023-09-08,296.689047063492
2023-09-09,297.0002748015873
2023-09-10,296.61197873015874
2023-09-11,294.94513753968266
2023-09-12,292.9270072420634
2023-09-13,291.2932418055554
2023-09-14,291.1635606547619
2023-09-15,292.5385903571428
2023-09-16,293.07602698412694
2023-09-17,294.00495148809523
2023-09-18,291.7119763690477
2023-09-19,290.35113676587304
2023-09-20,291.4939691071428
2023-09-21,289.26645827380946
2023-09-22,286.6181587698414
2023-09-23,285.82361523809533
2023-09-24,287.0047484920634
2023-09-25,288.7923265476192
2023-09-26,290.21674613095234
2023-09-27,291.16762986111115
2023-09-28,291.7240342063492
2023-09-29,291.2715389880953
2023-09-30,289.87582740079364
2023-10-01,291.49271067460313
2023-10-02,293.0202712499999
2023-10-03,290.5779195833333
2023-10-04,286.77781053571437
2023-10-05,286.5747447619047
2023-10-06,287.03790375
2023-10-07,288.5375965277777
2023-10-08,290.5493850595238
2023-10-09,290.6957872222222
2023-10-10,290.27502561507924
2023-10-11,290.61290478174595
2023-10-12,291.20814394841284
2023-10-13,292.5839251587301
2023-10-14,287.1557994246033
2023-10-15,283.11316136904765
2023-10-16,282.8321062301587
2023-10-17,285.97153408730145
2023-10-18,288.5868033531747
2023-10-19,289.36070152777785
2023-10-20,287.3084321031747
2023-10-21,285.6411697420635
2023-10-22,284.63547230158724
2023-10-23,284.66182388888876
2023-10-24,285.2405582936509
2023-10-25,285.64796194444455
2023-10-26,285.88246190476195
2023-10-27,284.6982527976192
2023-10-28,285.6232593055555
2023-10-29,286.49680251984125
2023-10-30,284.7455603373016
2023-10-31,284.4017023412698
2023-11-01,284.1727771031745
2023-11-02,283.23971567460313
2023-11-03,280.76239172619034
2023-11-04,282.63343160714265
2023-11-05,283.6493132539683
2023-11-06,282.34195999999986
2023-11-07,281.0936229960318
2023-11-08,281.787938234127
2023-11-09,282.02558410714283
2023-11-10,281.4555114484127
2023-11-11,280.5396014484127
2023-11-12,283.18730339285713
2023-11-13,286.7014290873017
2023-11-14,285.7289174801587
2023-11-15,283.0818771825398
2023-11-16,282.38868789682533
2023-11-17,281.27758418650785
2023-11-18,282.694413015873
2023-11-19,285.03384630952377
2023-11-20,283.10806454365076
2023-11-21,282.14121198412687
2023-11-22,279.7403451587302
2023-11-23,279.44287575396834
2023-11-24,280.6845140079364
2023-11-25,276.36458341269855
2023-11-26,275.47192420634923
2023-11-27,278.3059076587303
2023-11-28,277.846415813492
2023-11-29,276.3582834722222
2023-11-30,278.11724517857135
2023-12-01,276.8469633730158
2023-12-02,273.05934123015885
2023-12-03,273.5214589880952
2023-12-04,278.3180078174603
2023-12-05,278.45106646825417
2023-12-06,276.2238343452382
2023-12-07,276.78310609126993
2023-12-08,280.33366924603183
2023-12-09,281.67089164682534
2023-12-10,282.8598212896824
2023-12-11,284.27816000000007
2023-12-12,283.7357075992064
2023-12-13,281.0865043253968
2023-12-14,279.50494533730154
2023-12-15,279.59860434523813
2023-12-16,277.34052039682535
2023-12-17,275.75550166666665
2023-12-18,276.1989608730159
2023-12-19,277.78369811507935
2023-12-20,279.4281337896824
2023-12-21,282.0941938690475
2023-12-22,282.3051777579364
2023-12-23,281.4923918253969
2023-12-24,282.0885471428572
2023-12-25,281.49445321428567
2023-12-26,280.4357310714287
2023-12-27,280.18073569444454
2023-12-28,281.7624823015873
2023-12-29,282.037571845238
2023-12-30,281.36704940476193
2023-12-31,280.6741559325398
